연도,전국,서울,경기,인천,수도권,수도권비중_퍼센트,출처,retrieved
1970,32241,5686,3440,,9126,28.31,"e-나라지표 1007 지역별 인구 및 인구밀도(장래인구추계 시도편, 천 명) https://www.index.go.kr/unity/potal/main/EachDtlPageDetail.do?idx_cd=1007",2026-08-19
1971,32883,5940,3571,,9511,28.92,"e-나라지표 1007 지역별 인구 및 인구밀도(장래인구추계 시도편, 천 명) https://www.index.go.kr/unity/potal/main/EachDtlPageDetail.do?idx_cd=1007",2026-08-19
1972,33505,6207,3703,,9910,29.58,"e-나라지표 1007 지역별 인구 및 인구밀도(장래인구추계 시도편, 천 명) https://www.index.go.kr/unity/potal/main/EachDtlPageDetail.do?idx_cd=1007",2026-08-19
1973,34103,6470,3836,,10306,30.22,"e-나라지표 1007 지역별 인구 및 인구밀도(장래인구추계 시도편, 천 명) https://www.index.go.kr/unity/potal/main/EachDtlPageDetail.do?idx_cd=1007",2026-08-19
1974,34692,6738,3970,,10708,30.87,"e-나라지표 1007 지역별 인구 및 인구밀도(장래인구추계 시도편, 천 명) https://www.index.go.kr/unity/potal/main/EachDtlPageDetail.do?idx_cd=1007",2026-08-19
1975,35281,7005,4106,,11111,31.49,"e-나라지표 1007 지역별 인구 및 인구밀도(장래인구추계 시도편, 천 명) https://www.index.go.kr/unity/potal/main/EachDtlPageDetail.do?idx_cd=1007",2026-08-19
1976,35849,7301,4282,,11583,32.31,"e-나라지표 1007 지역별 인구 및 인구밀도(장래인구추계 시도편, 천 명) https://www.index.go.kr/unity/potal/main/EachDtlPageDetail.do?idx_cd=1007",2026-08-19
1977,36412,7599,4461,,12060,33.12,"e-나라지표 1007 지역별 인구 및 인구밀도(장래인구추계 시도편, 천 명) https://www.index.go.kr/unity/potal/main/EachDtlPageDetail.do?idx_cd=1007",2026-08-19
1978,36969,7900,4644,,12544,33.93,"e-나라지표 1007 지역별 인구 및 인구밀도(장래인구추계 시도편, 천 명) https://www.index.go.kr/unity/potal/main/EachDtlPageDetail.do?idx_cd=1007",2026-08-19
1979,37534,8205,4832,,13037,34.73,"e-나라지표 1007 지역별 인구 및 인구밀도(장래인구추계 시도편, 천 명) https://www.index.go.kr/unity/potal/main/EachDtlPageDetail.do?idx_cd=1007",2026-08-19
1980,38124,8516,5028,,13544,35.53,"e-나라지표 1007 지역별 인구 및 인구밀도(장래인구추계 시도편, 천 명) https://www.index.go.kr/unity/potal/main/EachDtlPageDetail.do?idx_cd=1007",2026-08-19
1981,38723,8796,3876,1315,13987,36.12,"e-나라지표 1007 지역별 인구 및 인구밀도(장래인구추계 시도편, 천 명) https://www.index.go.kr/unity/potal/main/EachDtlPageDetail.do?idx_cd=1007",2026-08-19
1982,39326,9059,4023,1366,14447,36.74,"e-나라지표 1007 지역별 인구 및 인구밀도(장래인구추계 시도편, 천 명) https://www.index.go.kr/unity/potal/main/EachDtlPageDetail.do?idx_cd=1007",2026-08-19
1983,39910,9317,4247,1412,14977,37.53,"e-나라지표 1007 지역별 인구 및 인구밀도(장래인구추계 시도편, 천 명) https://www.index.go.kr/unity/potal/main/EachDtlPageDetail.do?idx_cd=1007",2026-08-19
1984,40406,9559,4480,1474,15514,38.4,"e-나라지표 1007 지역별 인구 및 인구밀도(장래인구추계 시도편, 천 명) https://www.index.go.kr/unity/potal/main/EachDtlPageDetail.do?idx_cd=1007",2026-08-19
1985,40806,9725,4697,1541,15963,39.12,"e-나라지표 1007 지역별 인구 및 인구밀도(장래인구추계 시도편, 천 명) https://www.index.go.kr/unity/potal/main/EachDtlPageDetail.do?idx_cd=1007",2026-08-19
1986,41214,9815,5001,1593,16409,39.81,"e-나라지표 1007 지역별 인구 및 인구밀도(장래인구추계 시도편, 천 명) https://www.index.go.kr/unity/potal/main/EachDtlPageDetail.do?idx_cd=1007",2026-08-19
1987,41622,9932,5291,1647,16870,40.53,"e-나라지표 1007 지역별 인구 및 인구밀도(장래인구추계 시도편, 천 명) https://www.index.go.kr/unity/potal/main/EachDtlPageDetail.do?idx_cd=1007",2026-08-19
1988,42031,10147,5499,1710,17356,41.29,"e-나라지표 1007 지역별 인구 및 인구밀도(장래인구추계 시도편, 천 명) https://www.index.go.kr/unity/potal/main/EachDtlPageDetail.do?idx_cd=1007",2026-08-19
1989,42449,10379,5691,1785,17855,42.06,"e-나라지표 1007 지역별 인구 및 인구밀도(장래인구추계 시도편, 천 명) https://www.index.go.kr/unity/potal/main/EachDtlPageDetail.do?idx_cd=1007",2026-08-19
1990,42869,10473,5972,1897,18342,42.79,"e-나라지표 1007 지역별 인구 및 인구밀도(장래인구추계 시도편, 천 명) https://www.index.go.kr/unity/potal/main/EachDtlPageDetail.do?idx_cd=1007",2026-08-19
1991,43296,10461,6294,1979,18735,43.27,"e-나라지표 1007 지역별 인구 및 인구밀도(장래인구추계 시도편, 천 명) https://www.index.go.kr/unity/potal/main/EachDtlPageDetail.do?idx_cd=1007",2026-08-19
1992,43748,10446,6634,2065,19146,43.76,"e-나라지표 1007 지역별 인구 및 인구밀도(장래인구추계 시도편, 천 명) https://www.index.go.kr/unity/potal/main/EachDtlPageDetail.do?idx_cd=1007",2026-08-19
1993,44195,10420,6988,2153,19561,44.26,"e-나라지표 1007 지역별 인구 및 인구밀도(장래인구추계 시도편, 천 명) https://www.index.go.kr/unity/potal/main/EachDtlPageDetail.do?idx_cd=1007",2026-08-19
1994,44642,10385,7356,2243,19984,44.77,"e-나라지표 1007 지역별 인구 및 인구밀도(장래인구추계 시도편, 천 명) https://www.index.go.kr/unity/potal/main/EachDtlPageDetail.do?idx_cd=1007",2026-08-19
1995,45093,10342,7738,2334,20414,45.27,"e-나라지표 1007 지역별 인구 및 인구밀도(장래인구추계 시도편, 천 명) https://www.index.go.kr/unity/potal/main/EachDtlPageDetail.do?idx_cd=1007",2026-08-19
1996,45525,10195,8132,2376,20703,45.48,"e-나라지표 1007 지역별 인구 및 인구밀도(장래인구추계 시도편, 천 명) https://www.index.go.kr/unity/potal/main/EachDtlPageDetail.do?idx_cd=1007",2026-08-19
1997,45954,10116,8449,2421,20986,45.67,"e-나라지표 1007 지역별 인구 및 인구밀도(장래인구추계 시도편, 천 명) https://www.index.go.kr/unity/potal/main/EachDtlPageDetail.do?idx_cd=1007",2026-08-19
1998,46287,10051,8682,2464,21198,45.8,"e-나라지표 1007 지역별 인구 및 인구밀도(장래인구추계 시도편, 천 명) https://www.index.go.kr/unity/potal/main/EachDtlPageDetail.do?idx_cd=1007",2026-08-19
1999,46617,10036,8893,2494,21423,45.96,"e-나라지표 1007 지역별 인구 및 인구밀도(장래인구추계 시도편, 천 명) https://www.index.go.kr/unity/potal/main/EachDtlPageDetail.do?idx_cd=1007",2026-08-19
2000,47008,10078,9146,2522,21747,46.26,"e-나라지표 1007 지역별 인구 및 인구밀도(장래인구추계 시도편, 천 명) https://www.index.go.kr/unity/potal/main/EachDtlPageDetail.do?idx_cd=1007",2026-08-19
2001,47370,10091,9451,2551,22093,46.64,"e-나라지표 1007 지역별 인구 및 인구밀도(장래인구추계 시도편, 천 명) https://www.index.go.kr/unity/potal/main/EachDtlPageDetail.do?idx_cd=1007",2026-08-19
2002,47645,10049,9814,2572,22435,47.09,"e-나라지표 1007 지역별 인구 및 인구밀도(장래인구추계 시도편, 천 명) https://www.index.go.kr/unity/potal/main/EachDtlPageDetail.do?idx_cd=1007",2026-08-19
2003,47892,10041,10149,2573,22764,47.53,"e-나라지표 1007 지역별 인구 및 인구밀도(장래인구추계 시도편, 천 명) https://www.index.go.kr/unity/potal/main/EachDtlPageDetail.do?idx_cd=1007",2026-08-19
2004,48083,10052,10416,2571,23038,47.91,"e-나라지표 1007 지역별 인구 및 인구밀도(장래인구추계 시도편, 천 명) https://www.index.go.kr/unity/potal/main/EachDtlPageDetail.do?idx_cd=1007",2026-08-19
2005,48185,10029,10625,2581,23235,48.22,"e-나라지표 1007 지역별 인구 및 인구밀도(장래인구추계 시도편, 천 명) https://www.index.go.kr/unity/potal/main/EachDtlPageDetail.do?idx_cd=1007",2026-08-19
2006,48438,10057,10853,2607,23517,48.55,"e-나라지표 1007 지역별 인구 및 인구밀도(장래인구추계 시도편, 천 명) https://www.index.go.kr/unity/potal/main/EachDtlPageDetail.do?idx_cd=1007",2026-08-19
2007,48684,10069,11057,2643,23768,48.82,"e-나라지표 1007 지역별 인구 및 인구밀도(장래인구추계 시도편, 천 명) https://www.index.go.kr/unity/potal/main/EachDtlPageDetail.do?idx_cd=1007",2026-08-19
2008,49055,10112,11267,2689,24067,49.06,"e-나라지표 1007 지역별 인구 및 인구밀도(장래인구추계 시도편, 천 명) https://www.index.go.kr/unity/potal/main/EachDtlPageDetail.do?idx_cd=1007",2026-08-19
2009,49308,10139,11413,2700,24252,49.18,"e-나라지표 1007 지역별 인구 및 인구밀도(장래인구추계 시도편, 천 명) https://www.index.go.kr/unity/potal/main/EachDtlPageDetail.do?idx_cd=1007",2026-08-19
2010,49554,10089,11619,2723,24431,49.3,"e-나라지표 1007 지역별 인구 및 인구밀도(장래인구추계 시도편, 천 명) https://www.index.go.kr/unity/potal/main/EachDtlPageDetail.do?idx_cd=1007",2026-08-19
2011,49937,10072,11825,2755,24652,49.37,"e-나라지표 1007 지역별 인구 및 인구밀도(장래인구추계 시도편, 천 명) https://www.index.go.kr/unity/potal/main/EachDtlPageDetail.do?idx_cd=1007",2026-08-19
2012,50200,10036,11974,2794,24805,49.41,"e-나라지표 1007 지역별 인구 및 인구밀도(장래인구추계 시도편, 천 명) https://www.index.go.kr/unity/potal/main/EachDtlPageDetail.do?idx_cd=1007",2026-08-19
2013,50429,9990,12126,2830,24946,49.47,"e-나라지표 1007 지역별 인구 및 인구밀도(장래인구추계 시도편, 천 명) https://www.index.go.kr/unity/potal/main/EachDtlPageDetail.do?idx_cd=1007",2026-08-19
2014,50747,9975,12282,2862,25119,49.5,"e-나라지표 1007 지역별 인구 및 인구밀도(장래인구추계 시도편, 천 명) https://www.index.go.kr/unity/potal/main/EachDtlPageDetail.do?idx_cd=1007",2026-08-19
2015,51015,9941,12423,2883,25247,49.49,"e-나라지표 1007 지역별 인구 및 인구밀도(장래인구추계 시도편, 천 명) https://www.index.go.kr/unity/potal/main/EachDtlPageDetail.do?idx_cd=1007",2026-08-19
2016,51218,9843,12600,2907,25350,49.49,"e-나라지표 1007 지역별 인구 및 인구밀도(장래인구추계 시도편, 천 명) https://www.index.go.kr/unity/potal/main/EachDtlPageDetail.do?idx_cd=1007",2026-08-19
2017,51362,9766,12786,2924,25476,49.6,"e-나라지표 1007 지역별 인구 및 인구밀도(장래인구추계 시도편, 천 명) https://www.index.go.kr/unity/potal/main/EachDtlPageDetail.do?idx_cd=1007",2026-08-19
2018,51585,9697,13027,2936,25660,49.74,"e-나라지표 1007 지역별 인구 및 인구밀도(장래인구추계 시도편, 천 명) https://www.index.go.kr/unity/potal/main/EachDtlPageDetail.do?idx_cd=1007",2026-08-19
2019,51765,9657,13241,2952,25851,49.94,"e-나라지표 1007 지역별 인구 및 인구밀도(장래인구추계 시도편, 천 명) https://www.index.go.kr/unity/potal/main/EachDtlPageDetail.do?idx_cd=1007",2026-08-19
2020,51836,9618,13452,2951,26021,50.2,"e-나라지표 1007 지역별 인구 및 인구밀도(장래인구추계 시도편, 천 명) https://www.index.go.kr/unity/potal/main/EachDtlPageDetail.do?idx_cd=1007",2026-08-19
2021,51770,9508,13611,2950,26069,50.36,"e-나라지표 1007 지역별 인구 및 인구밀도(장래인구추계 시도편, 천 명) https://www.index.go.kr/unity/potal/main/EachDtlPageDetail.do?idx_cd=1007",2026-08-19
2022,51673,9421,13690,2975,26086,50.48,"e-나라지표 1007 지역별 인구 및 인구밀도(장래인구추계 시도편, 천 명) https://www.index.go.kr/unity/potal/main/EachDtlPageDetail.do?idx_cd=1007",2026-08-19
2023,51713,9400,13781,3009,26190,50.64,"e-나라지표 1007 지역별 인구 및 인구밀도(장래인구추계 시도편, 천 명) https://www.index.go.kr/unity/potal/main/EachDtlPageDetail.do?idx_cd=1007",2026-08-19
2024,51751,9394,13861,3049,26304,50.83,"e-나라지표 1007 지역별 인구 및 인구밀도(장래인구추계 시도편, 천 명) https://www.index.go.kr/unity/potal/main/EachDtlPageDetail.do?idx_cd=1007",2026-08-19
