series,edition,page,table,header
사업체,1970,288,195. 시도별 법인사업체수(자본규모) 및 자본금액,"268 도소매업 ⏐ 195 시도별 법인사업체수(자본규모) 및 자본금액 ⏐ 단위 : 천원 ⏐ 자본금규모별사업체수 ⏐ 50만원이하 50만원~ 100만원~ 200만원~ 500만원~ ⏐ 산업분류및시도별 100만우 200만원 500만원 1, 000만원 ⏐ under 500 ⏐ thouseud won | 500 thousand~ { mthon~ 2 milion~ 5 mllion~ ⏐ 1 millon wen 2 mllion wor 5 millica won 10 mlhon won ⏐ 전 국 1 269 488 124 41 104 ⏐ 61 도 매 엄 920 246 64 31 86 ⏐ 611~612 일반도매업 552 180 40 25 66"
사업체,1987,232,3. 산업 중분류 및 시ㆍ도별 사업체수,232-W. 도•소매업 ⏐ 3. 산업중분류 및 시•도별 사업체수 ⏐ * 1표 명문 참조 ⏐ 전 국 서 울 부 산 대 구 인 천 광 주 경 기 ⏐ All cites Seoul Pusan Taegu Inchion Kwangju Kyingg ⏐ 산 업 676 609 483 98t 40 752 185 646 ⏐ 농업 •수렵업•임업및어업 71 요 1 8$ ⏐ 멉 및 수렵 23 : 일~ ⏐ 4 ⏐ 업 44 ⏐ 광 업 304 21 9 24 ㅍ2 298 ⏐ 텃 44 -
사업체,1988,232,3. 산업중분류 및 시ㆍ도별 사업체수(1986),"광 주 경 기 ⏐ Kiwangjiu Kyonggi ⏐ 40 752 185 846 ⏐ 1 85 ⏐ 농업 및 수렵 522 23 ? ⏐ 임 1% ; ⏐ 어 업 ⏐ 광 업 21 9 "" "" 298 ⏐ 석 탄 업 44 •! 1 ⏐ 금 92 13 ⏐ 기 17 9 ⏐ 제 조 업 218 952 4 492 26 501"
사업체,1989,240,3. 산업중분류 및 시ㆍ도별 사업체수(1986),238-W 도 • 소매업 ⏐ 3. 산업중분류 및 시•도별 사업체수 (1986) ⏐ ※ 1죠 명문 참조. ⏐ 전 국 서 울 부 산 대 구 인 천 광 주 경 기 ⏐ All cites Seoul Pusan Taegu Inch'on Kwangju Kyongg ⏐ 젼 산 업 1 878 609 483 988 155 100 97 368 59 146 40 752 185 646 ⏐ 농업 • 수렵업 • 임업및어업 702 71 1 1 1 ⏐ 농업및 수렵 업 522 8.9 -. 11그 ⏐ 임 업 ⏐ 어 업 ⏐ 광 업 12 ⏐ L&t i §
사업체,1990,238,3. 산업중분류 및 시ㆍ도별 사업체수(1986),236- 도•소매업 ⏐ 3. 출불다규※ 및 하• 게 품꽃끝쁨보 (1986) ⏐ ※1층 코버고 할며 ⏐ 전 국 서 울 부 산 대 구 인 천 광 주 경 기 ⏐ All cities Seoul Pusan Taegu Inch'on Kwangju Kyonggn ⏐ 전 산 업 1 676 609 483 986 155 100 97 388 59 146 40 752 185 646 ⏐ 농업 •수렵업 • 임업 및어업 702 1 1 85 ⏐ 업 및수렵 522 23 ! ⏐ 1⅜습 i ⏐ 광 업 21 9 ⏐ 탄속 광 업 4?: - 1 ⏐ 광 업업 92
사업체,1991,238,3. 산업 중분류 및 시ㆍ도별 사업체수(1986),236- VI 도• 소매업 ⏐ 3. 1불다슈찌 및 하• 비 돌뿍 뿍보 (1986) ⏐ ※1ㅊ 큰배☆ 찰버 ⏐ 전 국 서 울 부 산 대 구 인 천 광 주 경 기 ⏐ All cites Seoul Pusan Taegu Inch'on Kwangju Kyongg ⏐ 전 산 업 1 876 608 483 986 155 100 97 368 59 148 40 752 185 646 ⏐ 농업 • 수렵업•임업및어업 702 71 1 1 1 85 ⏐ 농업및 수렵 업 업 522 23 i _. ⏐ 임 34 함 ⏐ 어 업 146 ⏐ 8ㅶ ⏐ 광 업 2 655 164 9 12 298
사업체,1992,236,3. 산업 중분류 및 시ㆍ도별 사업체수(1991),"234-W 도•소매업 ⏐ 3. #다차* 및 하• 급게 등꽃습발보(1991) ⏐ ※ 1ㅊ 탐병고 활 ⏐ 전 국 서 울 부 산 대 구 인 천 광 중 대 전 경 기 ⏐ Whole ⏐ country Seoul Pusan Taegu Inch""on Kwangju Taejon Kyongg ⏐ 전 산 업 2 118 247 581 092 205 181 122 873 87 708 59 505 56 934 276 012 ⏐ 농업 • 수렵업• 임업및어업 1 120 87 107 12 4 8. 6 108 ⏐ 업 및 수렵 업 695 ㆀ13 g?! 51- ⏐ 업 122 ⏐ 업 303 ⏐ 광 업 2 650 28 60 274"
사업체,1993,252,3. 산업 중분류 및 시ㆍ도별 사업체수(1991),250 -VI. 도•소매업 ⏐ 3. 1*다* 및 카•급비 꽃#불 (1991) ⏐ ※ 1* 없번☆ 잘버 ⏐ 전 국 서 울 부 산 대 구 인 천 광 주 대 전 경 기 도 ⏐ Whole ⏐ country Seoul Pusan Taegu Inch’on Kwangju Taejon Kyonggi-do ⏐ 전 산 업 2 118 247 581 092 205 181 122 873 87 708 59 505 56 934 276 012 ⏐ 농업• 수렵업 • 임업및어업 1 120 87 107 1?. 4 8 6 108 ⏐ • 업및 수렵 업 695 27 • ⏐ 업 12? 6 ⏐ 업 303 54 99 ⏐ 광 업 2 650 160 28 17 60 12 9 274
사업체,1995,270,3. 시ㆍ도별 사업체수 및 종사자수,"246 - VI 사업체 총괄, 도소매 및 서비스업 ⏐ 3. 시 •도별 사업체수 및 종사자수 ⏐ 단위 : 개, 명 ⏐ 전 국 서울특별시 부산광역시 대구광역시 ⏐ Whole Country Seoul Metropolitan City Pusan Metropolitan City Taegu Metropolitan City ⏐ 사업채수 종사자수 • 사업체수 종사자수 • 사업체수 종사자수 - 사업체수 종사자수 ⏐ Number of Number of Number of Number of ⏐ establish- Number of estabish- Number of establish- Number of [establish- Number of ⏐ ments workers ments workers mnents workers mments workers ⏐ 전 산 업 2 304 250 12 245 073 624 841 3 974 457 226 312 1 047 659 126 631 579 516 ⏐ 농업, 수렵 업 및 임 업 1? 7 225 38 839 7 70 7 1?2 ⏐ 농업,수렵업및관련서비스업 667 6 731 38 839"
사업체,1996,282,3. 시ㆍ도별 사업체수 및 종사자수,254 - VI 사업제 총괄 도소매 및 서비스업 ⏐ 3 시 •도별 사업체수 및 종사자수 ⏐ 단귀 개명 ⏐ 전 국 서울특별시 부산광역시 대구광역시 ⏐ Whole Country Seoul Metropoltan City Pusan Metropoltan CityTaegu Metropolitan Cty ⏐ 사업제수 종사자수 사업제수 종사자수 사업제수 종사자수 사업제수 종사자수 ⏐ Number of Number of Number of Number of ⏐ establish Number of estabish Number of establish Number of | establish Number of ⏐ ments workers ments workers ments workers ments workers옓 ⏐ 전 산 업 2518 454 12 583 630 655 139 3 612 150 244 467 1 113 956 151 362 685 987 ⏐ 농업수렵임 업 1 158 13 392 1 282 13 112 227 ⏐ 농업수렵업및관련서비스업 1 102 12 683 79 12 102 15 198
사업체,1997,298,3. 시ㆍ도별 사업체수 및 종사자수,"270-M 사업체 총괄, 도소매 및 서비스업 ⏐ 3. 시 •도별 사업체수 및 종사자수 ⏐ 단위 • 개, 명 ⏐ 전 국 서울특별시 부산광역시 대구광역시 ⏐ Entire naton옓 Seoul Metropoltan Clty Pusan Metropoltan Caty Taegu Metropoltan Cty ⏐ 사업체수|총사자수 사업채수|총사자수 사업체수]종사자수 사업채수|총사자수 ⏐ Number of Number of Number of Number of ⏐ establish- Number of estabish- Number of estabish- Number of estabush- Number of ⏐ ments workers ments workers ments workers ments workers ⏐ 전 산 업| 2 771 068 18 634 278 708 025 3 874 597 256 368 1 152 092 166 449 737 394 ⏐ 농업, 수렴 및임 업 1 420 I? 909 89 2 065 136 15 216 ⏐ 농업,수렵업및 관련서비스업 1 344 15 899 84 14 129 14"
사업체,1998,318,3. 시ㆍ도별 사업체수 및 종사자수,"280 - VI. 사업체 총괄, 도소매 및 서비스업 ⏐ 3. 시 1 • 도별 사업체수 및 종사자수 ⏐ 단위 : 개, 명 ⏐ 전 국 서울뜩별시 부산광역시 대구광역시 ⏐ Whole Country Seoul Metropolitan City Pusan Metropolitan City Taegu Metropolitan City ⏐ 사업체수 종사자수 사업체수 종사자수 사업체수 | 총사자수 사업체수 | 종사자수 ⏐ Establish- Establish- Establish Establish- ⏐ ments Workers ments Wokers mcnts Wotkers ments Workers ⏐ 진 산 업 2 807 802 14 006 754 699 797 4 045 537 253 355 1 197 990 168 818 736 308 ⏐ 농 업, 수립입 및임 업 2 095 25314 63 1 368 13 107 11 220 ⏐ 농입,수립업 및 관련서비스업 2 000 ~ . a 201 ⏐ 임업,벌 목및관련서비스업 87 6 19"
사업체,1999,324,3. 시ㆍ도별 사업체수 및 종사자수(1998),"322 * VII. 사업체 총괄, 도소매 및 서비스업 ⏐ 3. 시 • 도별 사업체수 및 종사자수(1998) ⏐ 단위 : 개, 명 ⏐ 전 국 서울특별시 부산광역시 ⏐ Whole County Seoul Metropolitan City Pusan Meropolitan Cisy ⏐ 산업분류 사업체수 중사자수 사업체수 : 종사자수 사업체수 종사자수 ⏐ Establish- 남 여 Establish- Establish- ⏐ ments Wotkers Male Fmale ments Workers ments Workers ⏐ 전 산 업 2 785 659 12 416 5s8 ㄱㄲ ⅞0 4 644 818 663 293 3 378 615 249 677 1 010 408 ⏐ 농업, 수렵업및임 업 2 308 25 571 21 242 4 329 63 926 19 103 ⏐ 농업,수렵업 및 관련서비스업 2 218 24 417 20 372 4 045 798 "" ⏐ 임업.벌 목및관련서비스업 90 1 154 870 284 128"
사업체,2000,318,3. 시ㆍ도별 사업체수 및 종사자수(1999),"316- VI. 사업체 총괄, 도소매 및 서비스업 ⏐ 3. 시 • 도별 사업체수 및 종사자수(1999) ⏐ 단위 : 개, 명 ⏐ 전 국 서울특별시 부산광역시 ⏐ The nation Seoul Metropolitan City Busan Metropolitan City ⏐ 사업체수 1 종사자수 사업체수 종사자수 사업체수 | 종사자수 ⏐ 산업분류 ⏐ Establsh- 남 여 Establish- Establish- ⏐ ments Workers Male Fmale ments Workers ments Workers ⏐ 전 산 업 2 927 330 12 920 289 8 026 088 4 894 201 690 205 3 367 652 256 561 1 045 176 ⏐ 놈 업 및 임 업 2 164 23 208 18 929 4 279 46 608 18 123 ⏐ 농업,수렵업 및 관련서비스업 2 103 22 300 18 150 4 150 16 112"
사업체,2001,324,3. 시ㆍ도별 사업체수 및 종사자수(2000),"320- V. 사업체 총괄, 도소매 및 서비스업 ⏐ 3. 시 • 도별 사업체수 및 종사자수(2000) ⏐ 단위 : 개, 명 ⏐ 전 국 서울특별시 부산광역시 ⏐ The nation Seoul Metropolitan City Busan Metropolitan City ⏐ 산업분류 사업체수 종사자수 사업체수 | 종사자수 사업체수 | 종사자수 ⏐ Establish- 남 여 Establish. Establish ⏐ ments Workers Male Fmale ments Workers ments Workers ⏐ 전 산 업 3 013 417 13 604 274 8 345 024 5 259 250 719 536 3 574 824 261 480 1 057 136 ⏐ 뇽 업 및 임 업 2 199 24 806 20 218 4 588 39 460 17 127 ⏐ 업 ? 121 23 963 19 535 15 120 ⏐ 업 78 843 683 4 7"
사업체,2002,304,3. 시·도별 사업체수 및 종사자수(2001),"302- VII. 사업체 총괄, 도소매 및 서비스업 ⏐ 3. 시 • 도별 사업체수 및 종사자수(2001) ⏐ 단위 : 개, 명 ⏐ 전 국 서울특별시 부산광역시 ⏐ The nation Seoul Metropolitan City Busan Metropoltan Citly ⏐ 산업분류 사업체수 | 종사자수 사업체수 | 종사자수 사업체수 종사자수 ⏐ Establish- 남 여 Establish- Establish- ⏐ ments Workers Male얧 Fmale tnents Workers얧 ments Workers ⏐ 전 산 업 3 051 482 14 336 604 8 675 979 5 660 625 725 569 3 876 833 263 117 1 117 981 ⏐ 농 업 및 임 업 1 868 24 433 18 025 6 408 30 305 8 149 ⏐ 업 280 ⏐ 임 업 4 25 10"
사업체,2003,348,3. 시ㆍ도별 사업체수 및 종사자수(2002),"346 - VII. 총사업체, 도소매 • 서비스업 및 기업경영 ⏐ 3. 시 • 도별 사업체수 및 종사자수(2002) ⏐ ※ 1표 설명문 참조 ⏐ 단위 : 개, 명 ⏐ 전 국 서울특별시 부산광역시 ⏐ The nation Seoul Metropoliran Ciy Busan Metropolitan City ⏐ 사업체수 종사자수 사업체수 종사자수 사업체수 • | 종사자수 ⏐ 남 여 Establish ⏐ Establish Establish ⏐ -ments Workers Male Female -ments Workers -ments Workers ⏐ 전 산 업 3 131 963 14 608 322 8 716 135 5 892 187 735 258 3 805 462 268 784 1 145 605 ⏐ 농 업 임 업 20 052 5 322 26 321 7 86"
사업체,2004,420,3. 시ㆍ도별 사업체수 및 종사자수(2003),"416 - VII. 총사업체, 도소매• 서비스업 및 기업경영 ⏐ 3. 시 • 도별 사업체수 및 종사자수(2003) ⏐ ※ 1표 설명문 참조 ⏐ 단위 : 개, 명 ⏐ 전 국 서울특별시 부산광역시 ⏐ The nation Seoul Busan ⏐ 사업체수 종사자수 사업체수 종사자수 사업체수 종사자수 ⏐ 남 여 ⏐ Establish Establish Establish ⏐ -ments Workers Male Female -ments Workers -ments Workers ⏐ 전 산 업 3 187 916 14 729 166 8 773 497 5 955 669 748 953 3 791 943 268 339 1 130 189 ⏐ 농 업 및 임 업 27 723 21 309 26 418 9 91"
사업체,2005,438,3. 시ㆍ도별 사업체수 및 종사자수(2004),"436 - VIII. 총사업체, 도소매 · 서비스업 및 기업경영 ⏐ 3. 시 • 도별 사업체수 및 종사자수(2004) ⏐ ※ 1표 설명문 참조 ⏐ 단위 : 개, 명 ⏐ 전 국 서울특별시 부산광역시 ⏐ The nation Seoul Busan ⏐ 사업체수 종사자수 사업체수 종사자수 사업체수 종사자수 ⏐ 남 여 ⏐ Establish Establish Establish ⏐ -ments Workers Male Female -ments Workers -ments Workers ⏐ 전 산 업 3 189 890 14 818 754 8 822 931 5 995 823 740 779 3 732 230 267 478 1 144 196 ⏐ 농 업 및 임 업 24 734 19 163 405 6 41"
사업체,2006,440,3. 시ㆍ도별 사업체수 및 종사자수(2005),"438 - VII. 총사업체, 도소매 • 서비스업 및 기업경영 ⏐ 3. 시 • 도별 사업체수 및 종사자수(2005) ⏐ ※ 1표 설명문 참조 ⏐ 단위 : 개, 명 ⏐ 전 국 서울특별시 부산광역시 ⏐ The nation Seoul Busan ⏐ 사업체수 종사자수 사업체수 : 종사자수 사업체수 • 종사자수 ⏐ 남 여 ⏐ Establish Establish Establish ⏐ -ments Workers Male Female -ments Workers -ments Workers ⏐ 전 산 업 3 204 809 15 147 4?1 9 02? 347 6 125 124 741 229 3 843 010 263 638 1 114 403 ⏐ 놈 업 및 임 업 26 008 16 349 9 125"
사업체,2007,452,3. 시ㆍ도별 사업체수 및 종사자수(2006),"454 - VIII. 총사업체, 도소매 · 서비스업 및 기업경영 ⏐ 3. 시 • 도별 사업체수 및 종사자수(2006) ⏐ ※ 1표 설명문 참조 ⏐ 단위 : 개, 명 ⏐ 전 국 서울특별시 부산광역시 ⏐ The nation Seoul Busan ⏐ 사업체수 종사자수 사업체수 종사자수 사업체수 종사자수 ⏐ 남 여 ⏐ Establish Establish Establish ⏐ -ments Workers Male Female옓 -ments Workers -ments Workers ⏐ 전 산 업 3 226 569 15 435 766 9 153 606 733 759 3 894 666 262 926 1 147 243 ⏐ 농 업 및 임 업 15 323 13 101"
사업체,2008,454,3. 시ㆍ도별 사업체수 및 종사자수(2007),"450 - VII. 총사업체, 도소매• 서비스업 및 기업경영 ⏐ 3. 시 • 도별 사업체수 및 종사자수(2007) ⏐ ※ 1표 설명문 참조 ⏐ 단위 : 개, 명 ⏐ 전 국 서울특별시 부산광역시 ⏐ The nation Seoul Busan ⏐ 사업체수 종사자수 사업체수 종사자수 사업체수 종사자수 ⏐ 남 여 ⏐ Establish ⏐ -ments Workers Male Workers Workers ⏐ 전 산 업 15 928 985 9 417 325 1 156 490 ⏐ 농 업, 임 업 및 어업 21 550 100"
사업체,2009,474,3. 시ㆍ도별 사업체수 및 종사자수(2008),"470 - VII. 총사업체, 도소매• 서비스업 및 기업경영 ⏐ 3. 시 • 도별 사업체수 및 종사자수(2008) ⏐ ※ 1표 설명문 참조 ⏐ 단위 : 개, 명 ⏐ 전 국 서울특별시 부산광역시 ⏐ Whole country Seoul Busan ⏐ 사업체수 종사자수 사업체수 종사자수 사업체수 종사자수 ⏐ 여 ⏐ Establish ⏐ -ments Workers Workers ⏐ 전 산 업 16 288 280 1 165 574 ⏐ 농 업, 임업 및 어업 10 274 90"
사업체,2010,360,3. 시·도별 사업체수 및 종사자수(2009),"356 - V. 총사업체, 광업 및 제조업 ⏐ 3. 시 • 도별 사업체수 및 종사자수(2009) ⏐ ※ 1표 설명문 참조 ⏐ 단위 : 개, 명 ⏐ 전 국 서울특별시 부산광역시 ⏐ Whole country Seoul Busan ⏐ 사업체수 종사자수 사업체수 종사자수 사업체수 종사자수 ⏐ 남 여 ⏐ Establish ⏐ -ments Workers Male Female Workers Workers ⏐ 전 산 업 16 818 015 9 888 360 6 929 655 ⏐ 농 업, 임 업 및 어 업 22 641 6 721 22 587 83"
사업체,2011,364,3. 시ㆍ도별 사업체수 및 종사자수(2009),"360 - V. 총사업체, 광업 및 제조업 ⏐ 3. 시 • 도별 사업체수 및 종사자수(2009) ⏐ ※ 1표 설명문 참조 ⏐ 단위 : 개, 명 ⏐ 전 국 서울특별시 부산광역시 ⏐ Whole country Seoul Busan ⏐ 사업체수 종사자수 사업체수 종사자수 사업체수 종사자수 ⏐ 남 여 ⏐ Number of Number of Number ol Number of Number of Number of ⏐ establishments workers Male Female establishment workers establishments workers ⏐ 전 산 업 32 16 818 015 9 888 360 6 929 655 723 086 259 973 1 182 236 ⏐ 농 업, 임업 및 어 업 22 587 83 2 868"
사업체,2012,364,3. 시·도별 사업체수 및 종사자수(2011),"360 - V. 총사업체, 광업 및 제조업 ⏐ 3. 시 • 도별 사업체수 및 종사자수(2011) ⏐ ※ 1표 설명문 참조 ⏐ 단위 : 개, 명 ⏐ 전 국 서울특별시 부산광역시 ⏐ Whole country Seoul Busan ⏐ 사업체수 종사자수 사업체수 종사자수 사업체수 종사자수 ⏐ 남 여 ⏐ Number of Number of Number of Number of Number Number o ⏐ estabishments workers Male Female estabishments Workers stablishmer worker: ⏐ 전 산 업 3 470 034 18 093 190 10 609 232 7 483 958 752 285 4 498 312 263 356 1 231 887 ⏐ 농 업, 임 업 및 어 업 32 152 8 195 21 369 88 3 489"
사업체,2013,364,3. 시·도별 사업체수 및 종사자수(2012),"360 - V. 총사업체, 광업 및 제조업 ⏐ 3. 시 • 도별 사업체수 및 종사자수(2012) ⏐ ※ 그표 설명문 참조 ⏐ 단위 : 개, 명 ⏐ 전국 서울특별시 부산광역시 대구광역시 ⏐ Whole country Seoul Busan Daegu ⏐ 사업체수 종사자수 사업체수 종사자수 사업체수 종사자수 사업체수 종사자수 ⏐ Number of Number of 남 여 Number of Number of Number of Number of Number of Number of ⏐ establishments workers Male Female establishments workers (chtabishents workers establishments workers ⏐ 전 산 업 3 602 476 18 569 355 10 795 555 7 773 800 780 887 4 541 393 270 058 1 275 945 192 600 833 836 ⏐ 농업, 임업 및 어 업 2451 31 448 23 615 7 833 20 296 90 3 845 ㆅ 277 ⏐ 농 1 721 20 488 14 676 87 아l 38 밀 225"
사업체,2014,364,3. 시·도별 사업체수 및 종사자수(2013),"360 - V. 총사업체, 광업 및 제조업 ⏐ 3. 시 • 도별 사업체수 및 종사자수(2013) ⏐ ※ 그표 설명문 참조 ⏐ 단위: 개, 명 ⏐ 전국 서울특별시 부산광역시 대구광역시 ⏐ Whole country Seoul Busan Daegu ⏐ 사업체수 종사자수 사업체수 종사자수 사업체수 종사자수 사업체수 종사자수 ⏐ Number of Number of 남 여 Number of Number of Number of Number of Number of Number of ⏐ establishments workers Male Female estabishments Workers estabisiments| workers establishents workers ⏐ 전 산 업 3 676 876 19 173 474 11 089 645 8 083 829 785 094 4 585 090 271 983 1 297 862 195 717 849 631 ⏐ 농 업, 임업 및 어업 2 708 34 527 25 444 9 083 18 276 3 159 17 287 ⏐ 농 업 23 004 16 200 6 804 10 55 29 14 241"
사업체,2015,735,3.시·도별 사업체 수 및 종사자 수(2014),"732 - XI. 경기· 기업경영(사업체) ⏐ 3. 시 • 도별 사업체 수 및 종사자 수(2014) ⏐ ※ 1표 설명문 참조 ⏐ 단위: 개, 명 ⏐ 전국 서울특별시 부산광역시 대구광역시 ⏐ Whole country Seoul Busan Daegu ⏐ 사업체수 종사자수 사업체수 종사자수 사업체수 종사자수 사업체수 종사자수 ⏐ Nunbaof Number of 남 ⏐ atbikshmnits workers Male얧 ⏐ 전 산 업 3 812 820 19 899 786 11 503 584 8 396 202 812 798 4 739 883 277 713 1 325 781 198 764 866 599 ⏐ 농업. 임업 및 어 업 36 474 26 834 9 640 14 86 2 681 23 ⏐ 농 업 25 245 17 740 7 505 8 33 6 32 20"
사업체,2016,745,3.시·도별 사업체 수 및 종사자 수(2014),"742- XI. 경기· 기업경영(사업체) ⏐ 3. 시 • 도별 사업체 수 및 종사자 수(2014) ⏐ ※ 1표 설명문 참조 ⏐ 단위: 개, 명 ⏐ 전국 서울특별시 부산광역시 대구광역시 ⏐ Whole county Seoul Busan Daegu ⏐ 사업체수 종사자수 사업체수 종사자수 사업체수 종사자수 사업체수 종사자수 ⏐ Nunbeof Number of 남 ⏐ clcbilhmanls workers Male얧 ⏐ 전 산 업 3,812, 820 19, 899, 786 11, 503, 584 8, 396, 202 812,798 4,739,883 277, 713 1, 325, 781 198, 764 866, 599 ⏐ 농업. 임업 및 어 업 36,474 26, 834 9,640 14 86 2,681 23 ⏐ 농 업 25, 245 17, 740 7,505 8 33 6 32 20"
사업체,2017,527,4.시도별 사업체 수 및 종사자 수(2016),"524 - XI. 경기· 기업경영(사업체) ⏐ 4. 시도별 사업체 수 및 종사자 수(2016) ⏐ * 1표 설명문 참조 ⏐ 단위: 개, 명 ⏐ 전국 서울특별시 부산광역시 대구광역시 ⏐ Whole country Seoul Busan Daegu ⏐ 사업체수 종사자수 사업체수 종사자수 사업체수 종사자수 사업체수 종사자수 ⏐ Nunbaof Number of 남 여 mberof Number of Nunbaof Number of Nuntaof Number c ⏐ sablkshnents workers Male얧 emale atblishnents workers atblishnents workers ctblishnents worke ⏐ 전 산 업 3,950, 192 21, 259, 243 12,194,216 9, 065, 027 820, 156 5, 079, 451 283, 554 1, 408, 615 205, 319 ⏐ 농 업 . 임업 및 어 업 39,741 11, 100 24 79 18 250 ⏐ 농 업 27,130 14 72 14 93 16 234"
사업체,2018,473,3.시도별 사업체 수 및 종사자 수(2017),"470- XI. 경기· 기업경영 ⏐ 3. 시도별 사업체 수 및 종사자 수(2017) (계속) ⏐ ※ 1표 설명문 참조 ⏐ 단위: 개, 명 ⏐ 전국 서울특별시 부산광역시 대구광역시 ⏐ Whole county Seoul Busan Daegu ⏐ 사업체수 종사자수 사업체수 종사자수 사업체수 종사자수 사업체수 종사자수 ⏐ Nunbeof Number of 남 ⏐ stbishmants workers Male ⏐ 전 체 산 업 4,019,872 21, 626,904 12,314, 225 9, 312,679 822,863 5, 119,913 286, 571 1, 424, 317 209, 376 943, 170 ⏐ 농업, 임업 및 어업 3,880 29, 315 11, 327 29 79 15 437 ⏐ 업 2,916 18, 894 8,741 20 15 82 13 207"
사업체,2019,535,3. 시도별 사업체 수 및 종사자 수(2018),"532 - XIII. 경기• 기업경영 ⏐ 3. 시도별 사업체 수 및 종사자 수(2018) (계속) ⏐ ※ 1표 설명문 참조 ⏐ 단위: 개, 명 ⏐ 전국 서울특별시 부산광역시 대구광역시 ⏐ Whole county Seoul Busan Daegu ⏐ 사업체수 종사자수 사업체수 종사자수 사업체수 종사자수 사업체수 종사자수 ⏐ Nunbaof Number of 남 ⏐ sablkshnents workers Male ⏐ 전 체 산 업 4, 103, 172 22, 234, 776 12, 594, 500 9, 640,276 823, 385 5, 210, 936 288,860 1, 442, 115 210, 547 967, 206 ⏐ 농업, 임업 및 어업 4, 261 42,324 30, 382 11,942 30 82 18 318 ⏐ 업 3, 292 28,825 19, 732 9,093 19 21 82 15 199"
사업체,2020,467,3. 시도별 사업체 수 및 종사자 수(2019),"464 - XIII. 기업경영 ⏐ 3. 시도별 사업체 수 및 종사자 수(2019) ⏐ ※ 1표 설명문 참조 ⏐ 단위: 개, 명 ⏐ 전국 서울특별시 부산광역시 대구광역시 ⏐ Whole county Seoul Busan Daegu ⏐ 사업체수 종사자수 사업체수 종사자수 사업체수 종사자수 사업체수 종사자수 ⏐ 남 ⏐ Nunberof Number of ⏐ sablkshnents workers |Male ⏐ 전 체 산 업 4, 176,549 22, 723, 272 12,854, 045 9, 869, 227 823,624 5,226, 997 1,465, ,433 210,944 967,934 ⏐ 농 업, 임업 및 어업 4, 522 43,920 31,887 12,033 24 85 22 414"
사업체,2021,357,3. 시도별 사업체 수 및 종사자 수(2019),"354 - IX. 기업경영 ⏐ 3. 시도별 사업체 수 및 종사자 수(2019) ⏐ ※ 1표 설명문 참조 ⏐ 단위: 개, 명 ⏐ 전 서울특별시 부산광역시 대구광역시 ⏐ Whole country Seoul Busan Daegu ⏐ 사업체수 종사자수 사업체수 종사자수 사업체수 종사자수 사업체수 종사자수 ⏐ Numberof Number of 남 여 ⏐ atabishment Workers Male Female workers etabisimant ⏐ 전 체 산 업 4,176,549 22,723,272 12,854,045 9,869,227 823,624 5,226,997 290,357 1,465,433 210,944 967,934 ⏐ 농.업, 임 업 및 어 업 4,522 43,920 31,887 12,033 24 426 85 3,495 22 ⏐ 농 업 3,506 29,960 20,856 9,104 15 102 22 70"
