계열,판,쪽,표제목,header
지방세,1954,260,154. 일반회계 특별회계 세출 용도별 분류,248 보3 ⏐ 154 ⏐ *람동고 1282A 보2 (1949) 치활원리 1783피1롯2소로 (1750) ⏐ 1왔 활의#년 쌈을 1효 때면 야번 때과 ⏐ 1 001.) 1157.1 2435 4 2580.3 8ait.1 99435 ⏐ ㅅ 1342.0 558.7 ⏐ 발 3 2 47 ⏐ 564 0 130.6 ⏐ ⅜F쭵및 60.7 371.3 ⏐ 10237 56.8 ⏐ 붙 30 06 ⏐ 94
지방세,1961,354,"296. 특별시, 도별일반회계 세입세출액","334 ₩⅓*①®#파 ⏐ 296¥‡카,*비-ㅆ쥴ㅲㅶㅅㅶㅂ ⏐ REVENUES AND EXPENDITURES IN GENERAL ACCOUNT BY PROVINCES ⏐ 모산 : 키때 In thousands of hwvan ⏐ 렸 ㅈ ⏐ 속면,#업카및치제 Reverues Expanditures ⏐ ㄿ :# 휴 ,합국난 주 ⏐ Year and province Budget Settled accounts, Budget Settled accounts x×10 ⏐ (A) (8) Raiio (A) (B) Raiio ⏐ 1957 72 823 358 62 474 690 85.7 72 823 368 62 498 615 84.4 ⏐ 1958 85 037 394 79 812 224 93.8 85 037 397 77 168 250 90.7 ⏐ 1959 97 030 040 95 059 710 97.9 97 030 038 90 825 709 93.6"
지방세,1961,354,"297. 특별시, 도별특별회계 세입세출액","334 ₩⅓*①®#파 ⏐ 296¥‡카,*비-ㅆ쥴ㅲㅶㅅㅶㅂ ⏐ REVENUES AND EXPENDITURES IN GENERAL ACCOUNT BY PROVINCES ⏐ 모산 : 키때 In thousands of hwvan ⏐ 렸 ㅈ ⏐ 속면,#업카및치제 Reverues Expanditures ⏐ ㄿ :# 휴 ,합국난 주 ⏐ Year and province Budget Settled accounts, Budget Settled accounts x×10 ⏐ (A) (8) Raiio (A) (B) Raiio ⏐ 1957 72 823 358 62 474 690 85.7 72 823 368 62 498 615 84.4 ⏐ 1958 85 037 394 79 812 224 93.8 85 037 397 77 168 250 90.7 ⏐ 1959 97 030 040 95 059 710 97.9 97 030 038 90 825 709 93.6"
지방세,1970,493,340. 시도별 지방세징수,"Emance 473 ⏐ 339 국세 부가세 ⏐ ADDITIONAL TAX ⏐ 단위 천원 In thousand wom.- ⏐ 설윤부산물 비 휼 %) ⏐ 시 도 벌 총 액 시 세 1군 세 Rato ⏐ Provnce Total Seoul, Busen Cittes Gun 합 Toal 계 (서운궁간물도 시 cia 에 Seoul, Busan 군 세 ⏐ and province and pravince Gun ⏐ 1969 35 914 34 216 443 | 255 100.0 100.0 100.0 100.0 ⏐ 서울특별시 City of Soou 26 226 26 226 - - 73.0 7.6 - - ⏐ 부산시 Buscn Cmy 6 266 6 266 - - 17.4 18.3 - - ⏐ 경기도 Gyeonggi Do 306 160 - 146 0.9 0.5 - 11.6"
지방세,1972,326,179. 시ㆍ도별 지방세 징수,"324-조 세 ⏐ 177. 직 접 세 징 수 ⏐ 단위 :100만원. ⏐ 총 계 소 득 세 Persongl Income tax ⏐ 계 갑종배당이 병종배당이 갑종근로 을총근로 ""Glokatft 타 ⏐ Total Total Real estate 자 Dvdend & 자 Dvidend ncome type Aimcome type B Wage & salary Wage& salary ⏐ Interesi type A|Iniorast typo C ⏐ 96 ) 558 4 572 •.• 187 1 973 •. g: ⏐ 96 12 49: 5938 83 3 508 - ⏐ 1964 17 187 8 615 4 491 73 17 ⏐ 1965 23 458 11 668 5 886 127 - 33 ⏐ 1966 41 083 20 305 9 441 181 1 60"
지방세,1973,324,176. 시ㆍ도별 지방세 징수,322-조 세 ⏐ 174. 직 접 세 징수 ⏐ 단위 : 100만원 ⏐ 총 계 소 득 세 Personal income tax ⏐ 계 부동산자 Dwidend & 자 Diwvidend. |갑종배당이 | 병종배당이 사 업 감종근로 을종근로 종 기 타 ⏐ Sub-total Total Real esiate interest tvpe Ainterest typa C Business Wage & salary Wage & salary others ⏐ Jincome type Aincome type B ⏐ 9 558 •.. •*. •.. •.. - ⏐ 12 492 - ⏐ 17 187 ⏐ 23 458 ⏐ 41 083
지방세,1974,262,158. 시ㆍ도별 지방세 징수,"262-조 세 ⏐ 156. 직 접 세 징 수 ⏐ 단위 : 100만원 ⏐ 총 계 소 득 제 Persongl income tax ⏐ 갑종배당이 병종배당이 자종근로 운종군로 종 ⏐ 계 부동,산자 Dividend & r gividenee Wage & sclary, Wage & salary 합 타 ⏐ Sub-total Real estate linterest tYpa A inierest typa C Bus tness income type Aincome type B Global Others ⏐ •• ••• # ⏐ 83 = ⏐ 127 ⏐ 181 ⏐ 286"
지방세,1975,266,158. 시ㆍ도별 지방세 징수,264-조 세 ⏐ 156. 직 접 세 징 수 ⏐ 단위 : 100만원 ⏐ 총 계 소 득 세 Personal income tax ⏐ 계 부 동 사)_갑종배당이.병종배당이x 자 Dividend&자 Dividend & 업갑종근로 을송근로종 Woge & salaryWage & salary 합 기 타 ⏐ Total Sub-total Real estafeinterest type Alinterest typeC Business income type Alincome type B Global Others ⏐ 83 55 ⏐ 73 1 ⏐ 127 ⏐ 181 ⏐ 286 - ⏐ 156
지방세,1976,284,164. 시ㆍ도별 지방세 징수,282--재 ⏐ 163. 세목 별 지 방세 징 수 ⏐ Local Tox Collection by Tax ⏐ 단위 : 100만원 In milion won ⏐ 총계 손득 0 |법인니 ! 주민세 영업 2 취 • 자동차 유흥음식 도 축 • 면허 마 코 재산 • 농지목적 ⏐ Persondl Copora- i lnhabi- Aquisit Autom- lont & re- hter Entartainm slaug- Permi- Pari ⏐ Total I income tion income tant Businass ion obile ssIon matsel I Propa:ty| Agrarian Objective ⏐ staur ant ⏐ 19 63 7 400 561 303 492 618 585 335 139 417 437 827 3 067 53 ⏐ 1964 8 824 387 644 873 716 384 189 391 726 3 590 94 ⏐ 6 5 11 352 568 871 1 693 846 706 172 470 791 3 977 119 ⏐ 16 152 981 1 399 2 550 1 080 1 270 190 555 14 1 044 4 964 204
지방세,1977,507,295. 시ㆍ도별 지방세 징수,Public Finance- 507 ⏐ 294. 지 방 세 징 ⏐ Local Tcx Collection ⏐ 단위 : 100만원 In milion won_ ⏐ 총 계 특별시 및도세 시 세 군 세 ⏐ Totai Specidl city & Province si Gun ⏐ 808809988980 8060660~~~~지m 34567880~2345 7 400 3 278 672 3 452 ⏐ 8 824 3 997 780 4 047 ⏐ !! 35? 5 631 979 4 743 ⏐ 16 152 8 755 1 451 5947 ⏐ 14 099 8 497 1 374 4 228 ⏐ 19 357 12 557 2 264 4 535
지방세,1978,515,294. 시ㆍ도별 지방세징수,Public Finance-515 ⏐ 293. 지 방세징 수 ⏐ Local Tax Collection ⏐ 단위 ' 100만원 In milion won ⏐ 종 계 특별시 및 도세 시 세 군 세 ⏐ Total special city & Province si Gun ⏐ 1731111- 00000~00~~~~~~0 0000660777777?~ 3 78 / 400 3329 672 3 452 ⏐ 45678801234587 3 824 780 4 047 ⏐ 11 352 5 631 979 4 743 ⏐ 16 152 8 755 1 451 5947 ⏐ 14 099 8 497 1 374 4 228 ⏐ 19 357 12 557 2 264 4 535
지방세,1979,509,297. 시ㆍ도별 지방세징수,fublic Finance-509 ⏐ 296. 지 방 세 징 수 ⏐ Local Tax Collection ⏐ 단위 : 100만원 In milion won ⏐ 총 계 특별사및도세 시 세 군 세 ⏐ Total Special city & province Si Gun ⏐ 11 a0ngnnaa 666666777777777 45678901 8 82 3 997 780 4 047 ⏐ 11 35: 5 631 979 4 743 ⏐ 16 152 8 755 5947 ⏐ 14 099 8 497 4 225 ⏐ 19 357 12 557 4 53 ⏐ 26 584 17 282 6 239
지방세,1980,505,296. 시ㆍ도별 지방세징수,Public Finance-505 ⏐ 295. 지 방 세 징 수 ⏐ Local Tax Collection ⏐ 단위 : 100만원 In mllion won ⏐ 총 계 특별시 및 도세 시 세 군 세 ⏐ Total Special city & province si Gun ⏐ 1898 19 357 12 557 2 264 4 535 ⏐ 26 584 17 282 3 062 6 239 ⏐ 33 232 24 025 4 041 5165 ⏐ 1333 39 811 27 964 4 915 6 932 ⏐ 46 608 31 428 19 483 8 696 ⏐ 74 134 48 930 14 011
지방세,1999,438,16. 지방자치단체 지역별 세입(일반회계)(1990-1997),436 - XI. 재 정 ⏐ 16. 지방자치단체 지역별 세입(일반회계)(1990-1997) ⏐ 단위 : 10억원 ⏐ 전국 서 울 부산 대구 인천 광주 대전 울산 ⏐ 연 도 ⏐ Tolal Seoul Pusan Taegu Inchon Kwangju Tacjon UIsan ⏐ 총 계 ⏐ 1990 19 385.0 3 738.6 1 162.8 167.3 665.3 486.1 407.2 •..... ⏐ 1991 24 244.0 4 618.6 1 484.5 1. 006.5 895.4 575.6 563.8 ⏐ 1992 26 428.5 5 097.8 I 782.5 1 241.1 1 067.2 638.2 687.6 ⏐ 1993 29 080.0 5 190.9 1 957.5 1 197.0 1 156.3 ㄲ6.8 755.9 ⏐ 1994 37 203.8 5 756.5 2 311.3 1 625.8 1 272.6 926.6 937.3
지방세,1999,440,17. 지방자치단체 지역별 세출(일반회계)(1990-1997),438- XII. 재 정 ⏐ 17. 지방자치단체 지역별 세출(일반회계)(1990-1997) ⏐ 단위 : 10억원 ⏐ 전국 서 윱 부산 대구 인천 광 주 대 전 울산 ⏐ 연 도 ⏐ Toual Seoul Pusan Taegu Inchon Kwangju Taejon Uisan얧 ⏐ 총 계 ⏐ 1990 15 320.7 2 784.6 963.0 645.6 468.8 389.6 320.8 ⏐ 1991 19 348.3 3 622.4 1 202.8 783.8 626.0 483.7 436.5 ⏐ 1992 22 040.8 4 258.0 | 516.4 1 010.5 805.9 532.0 508.5 ⏐ 1993 24 220.4 4 501.1 1 658.3 964.5 841.1 622.0 824.7 ⏐ 1994 30 340.5 4 803.4 2 086.4 1 315.5 987.5 715.4 780.4
지방세,2000,444,15. 지방자치단체 지역별 세입(일반회계)(1991-1998),442 - 세I. 재 정 ⏐ 15. 지방자치단체 지역별 세입(일반회계)(1991-1998) ⏐ 단위 : 10억원 ⏐ 전국 서 울 부산 대구 인천 광주 대 전 울산 ⏐ 연도 ⏐ Total Seoul Busan Daegu Incheon Gwangju Daejeon Ulsan ⏐ 계 ⏐ 1991 24 244.0 4 618.6 1 484.5 1 006.5 895.4 575.6 563.8 ⏐ 1992 26 428.5 5 097.8 1 782.5 1 241.1 1 067.2 638.2 687.6 : ⏐ 1993 29 080.0 5 190.9 1 957.5 1 197.0 1 156.3 776.8 755.9 ⏐ 1994 37 203.8 5 756.5 2311.3 1 625.8 1 272.6 926.6 937.3 ⏐ 1995 45 610.8 6 978.9 2674.6 1 979.6 1 720.4 1 084.1 1 057.8
지방세,2000,446,16. 지방자치단체 지역별 세출(일반회계)(1991-1998),444 - XI. 재 정 ⏐ 16. 지방자치단체 지역별 세출(일반회계)(1991-1998) ⏐ 단위 : 10억원 ⏐ 전국 서울 부산 대구 인천 광주 대 전 울 산 ⏐ 연도 ⏐ Total Seoul Busan Daegu Incheon Gwangju옓 Daejeon Uilsan ⏐ 총 계 ⏐ 1991 19 348.3 3 622.4 1 203.8 783 8 626.0 483.7 436.5 ⏐ 1992 22 040.8 4 258.8 1 516.4 1 010.5 806.0 532.0 588.5 ⏐ 1993 24 220.4 4 501.1 1 658.3 964.5 841.1 622.0 624.7 ⏐ 1994 30 340.5 4 803.4 2 036.4 1 315.5 987.5 715 4 780.4 ⏐ 1995 35 781.8 5 391.5 2 299.5 1 666 0 1 375.1 803.2 861.0
지방세,2001,452,15. 지방자치단체 지역별 세입(일반회계)(1992-1999),448-XII. 재 정 ⏐ 15. 지방자치단체 지역별 세입(일반회계)(1992-1999) ⏐ 단위 : 10억원 ⏐ 전국 서울 부산 대구 인천 광 주 대 전 울산 ⏐ 연도 ⏐ Total Seoul Busan Daegu옓 Incheon Gwangju Daejeon UIlsan ⏐ 총 . 계 ⏐ 1992 26 428.5 5 097.8 1 782.5 1 241.1 1 067.2 638.2 6876 ⏐ 1993 29 080.0 5 190.9 1 957.5 1 197.0 1 156.3 776.8 755.9 ⏐ 1994 37 203.8 5 756.5 2 311.3 1 625.8 1 272.6 926.6 9373 ⏐ 1995 45 610.8 6 978.9 2 674.6 1 979.6 1 720.4 1 084.1 1 057.8 ⏐ 1996 54 965.1 8 948.1 2 931.3 2 169.6 1 899.8 1 349.6 1 114.1
지방세,2001,454,16. 지방자치단체 지역별 세출(일반회계)(1992-1999),450 - XI. 재 정 ⏐ 16. 지방자치단체 지역별 세출(일반회계)(1992-1999) ⏐ 단위 : 10억원 ⏐ 전국 서 울 부 산 대구 인천 광 주 대 전 움산 ⏐ 연도 ⏐ Total Seoul Busan Daegu Incheon Gwaneju Daejeon Uisan ⏐ 총 계 ⏐ 1992 22 040.8 4 258.8 1 516.4 1 010.5 806.0 532.0 588.5 ⏐ 1993 24 220.4 4 501.1 i 658.3 964.5 841.1 622.0 624.7 ⏐ 1994 30 340.5 4 803.4 2 036.4 1 315.5 987.5 715.4 780.4 ⏐ 1995 35 791.8 5 391.5 2 289.5 1 666.0 1 375.1 803.2 861.0 ⏐ 1996 42 934.6 7 069.6 2 485.7 1 7.6 1 6317 956.5 952.8
지방세,2002,428,11. 지방자치단체 지역별 세입(일반회계)(1993~2000),426-XI. 재 정 ⏐ 11. 지방자치단체 지역별 세입(일반회계)(1993~2000) ⏐ 단위 : 10억원 ⏐ 전국 서 울 부산 대구 인천 광주 대전 울산 ⏐ 연 도 ⏐ Total Seoul Busan Daegu Incheon Gwangiu Dacjeon Ulsan ⏐ 총 계 ⏐ 1993 29 080.0 5 190.9 1 957.5 1 197.0 776.8 755.9 : ⏐ 1994 37 203.8 5 756.5 2 311.3 1 625.8 926.6 937.3 ⏐ 1995 45 610.8 6 978.9 2 674.6 1 979.6 1 084.1 1 057.8 ⏐ 1996 54 965.1 8 948.1 2 931.3 2 163.6 1 349.6 9760 ⏐ 1997 62 017.6 9 771.9 3 111.5 2 701.0 1 581.2
지방세,2002,430,12. 지방자치단체 지역별 세출(일반회계)(1993~2000),428~XII. 재 정 ⏐ 12. 지방자치단체 지역별 세출(일반회계)(1993~2000) ⏐ 단위 : 10억원 ⏐ 전국 서울 부산 대구 인천 광주 대전 울 산 ⏐ 연도 ⏐ Total Seoul Busan Daeau Incheon Grwangiu Daejeon Uisan ⏐ 총 계 ⏐ 1993 24 220.4 4 501.1 1 658.3 964.5 841.1 622.0 624.7 ⏐ 1994 30 340.5 4 803.4 2 036.4 1 315.5 987.5 715.4 780.4 ⏐ 1995 35 791.8 5 391.5 2 289.5 1 666.0 1 375.1 803.2 861.0 ⏐ 1996 42 934.6 7 069.6 2 485.7 1 70.6 1 631.7 956.5 952.8 ⏐ 1997 50 532.1 8 538.9 2 802.8 2 255.2 171.6 1 237.0 1 066.1 634.2
지방세,2003,476,11. 지방자치단체 지역별 세입(일반회계),474 - XI. 재 정 ⏐ 11. 지방자치단체 지역별 세입(일반회계) ⏐ 단위 : 10억원 ⏐ 전국 서울 부산 대구 인천 광주 대 전 울 산 ⏐ Total Seoul Busan Daegu Inchon Gwangju Daejeon Ulsan ⏐ 총 계 ⏐ 1996 54 965.1 8 948.1 2 931.3 2 163.6 1 899.8 1 349.6 1 114.1 960 ⏐ 1997 62 017.6 9 771.9 3 111.5 2 701.0 2 057.9 1 581.2 1 194.9 ⏐ 1998 62 702.4 8 796.0 2 936.2 2 658.4 2 069.5 1 551.9 1 190.4 871.6 ⏐ 1999 66 944.0 9 654.3 3 453.5 2 708.0 2 378.1 1 807.2 1 293.7 1 09.0 ⏐ 2000 71 431.4 10 997.0 3 516.7 2444.0 2 540.6 1 007.7 1 375.8\ 1 191.5 ⏐ 2001 87 084.4 13 078.6 4 088.8 2 943.4 3 116.0 1 859.7 1711.5 1 347.2
지방세,2003,478,12. 지방자치단체 지역별 세출(일반회계),"476-XI.재 정 ⏐ 12. 지방자치단체 지역별 세출(일반회계) ⏐ 단위 : 10억원 ⏐ 전국 서울 부산 대구 인천 광주 대 전 울 산 ⏐ Total Seoul Busan Daegu Incheon Gwangiu Daejeon Ulsan ⏐ 종 계 ⏐ 1996 42 934.6 7 069.6 2 485.7 1 770.6 1 631.7 956.5 952.8 82,2 ⏐ 1997 50 532.1 8 538.9 2 802.8 2 255.2 1 71.6 1 237.0 1 066.1 ⏐ 1998 51 520.5 8 119.4 2 631.2 2 219.1 1 7570 1 226.5 1 048.8 666.6 ⏐ 1999 S4 496.7 8 467.0 2 993.6 2 279.2 2 050.8 1 309.0 1 120.5 855.2 ⏐ 2000 57 814.6 9 598.8 3 084.2 2 126.9 2 145.5 1 3015 I 160.2 953.7 ⏐ 2001 70 100.5 11 226.7 351.0 2 515.2 2 610.4 1 566.3 1 436.7 1 0?1.0"
지방세,2004,548,13. 지방자치단체 지역별 세입결산(일반회계),544 - XI. 재정 ⏐ 13. 지방자치단체 지역별 세입결산( 일반회계) ⏐ 단위 : 10억원 ⏐ 전국 서 울 부산 대구 인천 광주 대 전 울 산 ⏐ Total Seoul Busan Daegu Incheon Gwangju Daejeon Ulsan ⏐ 총 계 ⏐ 1997 62 017.6 9 ㄲ.9 311.5 2 701.0 2 057.9 1 581.2 1 194.9 976. 0 ⏐ 1998 62 702.4 8 796.0 2 936.2 2 658.4 2 069.5\ 1 551. 9 1 190.4 871.6 ⏐ 1999 66 944.0 9 654. 3 3 453.5 2 708.0 2 378.1 1 607.2 1 293.7 1 099.0 ⏐ 2000 거1 431.4 10 997. 0 3 516.7 2 444. 0 2 540. 6 1 607.7 1 375.8 1 191.5 ⏐ 2001 87 084.4 13 078.6 4 088.8 2 943.4 3 116.0 1 859.7 1 711.5 1 347.2 ⏐ 2002 106 268.9 14 912.5 5 100.9 3 060. 4 3 476.5 2 006.8 1 954. 8 1 568.8
지방세,2004,550,14. 지방자치단체 지역별 세출결산(일반회계),546 - XL. 재정 ⏐ 14. 지방자치단체 지역별 세출결산(일반회계) ⏐ 단위: 10억원 ⏐ 전국 서 울 부산 대구 인천 광주 대 전 울 산 ⏐ Total Seoul Busan Daegu Incheon Gwangju Daejeon Ulsan ⏐ 총 계 ⏐ 1997 50 532.1 8 538.9 2 802.8 2 255.2 1 ㄲ.6 1 237.0 1 066.1 634.2 ⏐ 1998 51 520.5 8 119.4 2 631.2 2219.1 1 757.0 1 226.5 1 048.8 666.6 ⏐ 1999 54 496.7 8 467.0 2 993.6 2 279.2 2 050.8 1 309.0 1 120.5 855.2 ⏐ 2000 57 814. 6 9 598. 8 3 084.2 2 126.9 2 145.5 1 301.5 1 160.2 953.7 ⏐ 2001 70 100.5 11 226.7 3 51.0 2 515.2 2 610.4 1 566. 3 1 436.7 1 071.0 ⏐ 2002 80 315.2 11 626.6 4 221.9 2 560. 9 2 785.1 1 638.7 1 589. 7 1 232.9
지방세,2005,566,13. 지방자치단체 지역별 세입결산(일반회계),564 - XI. 재정 ⏐ 13. 지방자치단체 지역별 세입결산(일반회계) ⏐ 단위 : 10억원 ⏐ 전국 서 울 부산 대구 인천 광 주 대 전 울 산 ⏐ Total Seoul Busan Daegu Incheon Gwangju Daejeon Ulsan ⏐ 총 계 ⏐ 1998 62 702.4 8 796.0 2 936.2 2 658.4 2 069.5 1 551. 9 1 190.4 871.6 ⏐ 1999 66 944. 0 9 654.3 3 453.5 2 708.0 2 378.1 1 607.2 1 293.7 1 099.0 ⏐ 2000 거 431.4 10 997.0 3 516.7 2 444. 0 2 540.6 1 607.7 1 375.8 1 191.5 ⏐ 2001 87 084. 4 13 078.6 4 088. 8 2 943.4 3 116.0 1 859.7 1 711.5 1 347.2 ⏐ 2002 106 268.9 14 912.5 5 100.9 3 060.4 3 476.5 2 006.8 1 954.8 1 568.8 ⏐ 2003 120 443.2 17 359.2 5 601.6 3 417.7 3 764.2 2 262.4 2 213.0 1 792.1
지방세,2005,568,14. 지방자치단체 지역별 세출결산(일반회계),566 - XI. 재정 ⏐ 14. 지방자치단체 지역별 세출결산(일반회계) ⏐ 단위: 10억원 ⏐ 전국 서 울 부산 대구 인천 광 주 대 전 울 산 ⏐ Total Seoul Busan Daegu Incheon Gwangju Daejeon Ulsan ⏐ 총 계 ⏐ 1998 51 520. 5 8 119.4 2 631.2 2 219.1 1 757.0 1 226.5 1 048.8 666.6 ⏐ 1999 54 496.7 8 4670 2 993.6 2 279.2 2050.8 1 309.0 1 120.5 855.2 ⏐ 2000 57 814.6 9 598.8 3 0842 2 126.9 2 145.5 1 301.5 1 160.2 953.7 ⏐ 2001 70 100. 5 11 226.7 3 511.0 2 515.2 2 610.4 1 566.3 1 436.7 1 071. 0 ⏐ 2002 80 315.2 11 626.6 4 221.9 2 560.9 2 785.1 1 638. 7 1 589. 7 1 232.9 ⏐ 2003 92 980. 6 13 727.4 4 567.8 2 816.7 3 028. 0 1 856. 0 1823.8 1 429.2
지방세,2006,570,13. 지방자치단체 지역별 세입결산(일반회계),568 - XI. 재정 ⏐ 13. 지방자치단체 지역별 세입결산(일반회계) ⏐ 단위 : 10억원 ⏐ 전 국 서 울 부산 대구 인천 광주 대 전 울 산 ⏐ Total Seoul Busan Daegu Incheon Gwangiu Dacjeon Ulsan ⏐ 총 계 ⏐ 1998 62 702.4 8 796.0 2 936.2 2 658.4 2 069.5 1 551.9 1 190.4 87.6 ⏐ 1999 66 944.0 9 654.3 3 453.5 2 708.0 2 378.1 1 6072 1 293.7 1 099.0 ⏐ 2000 71 431.4 10 997.0 3 516.7 214.0 2540.6 1 607.7 1 375.8 1 191.5 ⏐ 2001 87 084.4 13 078.6 4 088.8 2943.4 3116.0 1 859.7 1 71.5 1 347.8 ⏐ 2002 106 268.9 14 912.5 5 100.9 3 060.4 3 476.5 2 0068 1 954.8 1 568.8 ⏐ 2003 120 443.2 17 359.2 5 601.6 3477 3 764.2 2 262.4 2 213.0 1 792.1
지방세,2006,572,14. 지방자치단체 지역별 세출결산(일반회계),570 - XI. 재정 ⏐ 14. 지방자치단체 지역별 세출결산(일반회계) ⏐ 단위 : 10억원 ⏐ 전 국 서 울 부산 대구 인천 광주 대 전 울 산 ⏐ Total Seoul Busan Daegu Incheon Gwangju Daejeon Ulsan ⏐ 총 계 ⏐ 1998 51 520.5 8 119.4 2 631.2 2 319.1 1 757.0 1 226.5 1 048.8 666.6 ⏐ 1999 54 496.7 8 467.0 2 993.6 2 279.2 2 050.8 1 309.0 1 120.5 855.2 ⏐ 2000 57 814.6 9 598.8 3 084.2 2 126.9 2 145.5 1 301.5 1 160.2 953.7 ⏐ 3001 70 100.5 11 226.7 3 511.0 2 515.2 2 610.4 1 506.3 1 436.7 1 070 ⏐ 2002 80 315.2 11 626.6 4 221.9 2 560.9 2 785.1 1638.7 1 589.7 1 232.9 ⏐ 2003 92 980.6 13 727.4 4 567.8 2816.7 3 028.0 1 856.0 1 823.8 1 429.2
지방세,2007,584,11. 지방자치단체 지역별 세입결산(일반회계),586 - XI. 재정 ⏐ 11. 지방자치단체 지역별 세입결산(일반회계) ⏐ 단위 : 10억원 ⏐ 전국 서 울 부산 대구 인천 광주 대 전 울 산 ⏐ Total Seoul Busan Daegu Incheon Gwangju Daejeon Ulsan ⏐ 총 계 ⏐ 1999 66 944. 0 9 654. 3 3 453.5 2 708.0 2 378. 1 1 607.2 1 293.7 1 099.0 ⏐ 2000 기 431.4 10 997.0 3 516.7 2 444. 0 2 540.6 1 607.7 1 375.8 1 191.5 ⏐ 2001 87 084. 4 13 078.6 4 088.8 2 943.4 3 116.0 1 859.7 1 711.5 1 347.2 ⏐ 2002 106 268.9 14 912.5 s 100.9 3 060.4 3 476.5 2 006.8 1 954.8 1 568.8 ⏐ 2003 120 443.2 17 359.2 5 601.6 3 417.7 3 764.2 2 262.4 2 213.0 1 792.1 ⏐ 2004 119 072.6 18 174.3 5 692.8 3 502. 1 4 086.5 2 445. 9 2 167.6 1 965. 1
지방세,2007,586,12. 지방자치단체 지역별 세출결산(일반회계),"588 - XI. 재정 ⏐ 12. 지방자치단체 지역별 세출결산(일반회계) ⏐ 단위: 10억원 ⏐ 전국 서 울 부산 대구 인천 광 주 대 전 울 산 ⏐ Total Seoul Busan Daegu Incheon Gwangju Daejeon Ulsan ⏐ 총 계 ⏐ 1999 54 496.7 8 467.0 2 993. 6 2 279.2 2 050. 8 1 309.0 1 120.5 855.2 ⏐ 2000 57 814.6 9 598.8 3 084.2 2 126.9 2 145.5 1 301.5 1 160.2 953.7 ⏐ 2001 70 100.5 11 226.7 3 51.0 2 515.2 2 610.4 1 566. 3 1 436.7 1 070 ⏐ 2002 80 315.2 11 626.6 4 221.9 2 560.9 2 785.1 1 638.7 1 589.7 1 232.9 ⏐ 2003 92 980.6 13 727,4 4 567.8 2816.7 3 028.0 1 856.0 1 823.8 1 429.2 ⏐ 2004 96 764. 0 15 76.8 5 002.4 2 973.9 3 465.3 2 138.4 1 856.7 1 560. 8"
