series,edition,page,table,chapter,block,region,matched_by,col_idx,x,raw,value,conf,flag,row_text
학교,1976,404,234. 시ㆍ도별 학교 총괄,XIX. 교육 및 문화,전체,부산,ko,0,0.4065,4 259 324 476,4259324476,0.5,과병합의심,부 산 4 259 324 476 170 014 154 462)
학교,1976,404,234. 시ㆍ도별 학교 총괄,XIX. 교육 및 문화,전체,부산,ko,1,0.5379,170 014,170014,1.0,,부 산 4 259 324 476 170 014 154 462)
학교,1976,404,234. 시ㆍ도별 학교 총괄,XIX. 교육 및 문화,전체,부산,ko,2,0.6139,154 462),154462,0.5,,부 산 4 259 324 476 170 014 154 462)
학교,1976,404,234. 시ㆍ도별 학교 총괄,XIX. 교육 및 문화,전체,전남,ko,0,0.4025,14 495 767 573,14495767573,1.0,과병합의심,전라남 도 14 495 767 573 393 789 •373 784
학교,1976,404,234. 시ㆍ도별 학교 총괄,XIX. 교육 및 문화,전체,전남,ko,1,0.54,393 789,393789,1.0,,전라남 도 14 495 767 573 393 789 •373 784
학교,1976,404,234. 시ㆍ도별 학교 총괄,XIX. 교육 및 문화,전체,경남,ko,0,0.4004,10 850,10850,0.3,저신뢰,경상남 도 10 850 544 825 279 C31 265 794
학교,1976,404,234. 시ㆍ도별 학교 총괄,XIX. 교육 및 문화,전체,경남,ko,1,0.6119,265 794,265794,0.5,,경상남 도 10 850 544 825 279 C31 265 794
학교,1976,404,234. 시ㆍ도별 학교 총괄,XIX. 교육 및 문화,전체,제주,ko,0,0.4066,1 249,1249,0.3,저신뢰,제 주 도 1 249 72 180 36 852 35 328| 982 405
학교,1976,404,234. 시ㆍ도별 학교 총괄,XIX. 교육 및 문화,전체,제주,ko,1,0.4723,72 180,72180,1.0,,제 주 도 1 249 72 180 36 852 35 328| 982 405
학교,1976,404,234. 시ㆍ도별 학교 총괄,XIX. 교육 및 문화,전체,제주,ko,2,0.5462,36 852,36852,0.5,,제 주 도 1 249 72 180 36 852 35 328| 982 405
학교,1976,404,234. 시ㆍ도별 학교 총괄,XIX. 교육 및 문화,전체,제주,ko,3,0.7864,982,982,1.0,,제 주 도 1 249 72 180 36 852 35 328| 982 405
학교,1976,404,234. 시ㆍ도별 학교 총괄,XIX. 교육 및 문화,전체,제주,ko,4,0.8583,405,405,0.3,저신뢰,제 주 도 1 249 72 180 36 852 35 328| 982 405
학교,1977,360,225. 시ㆍ도별 학교총괄,XII. 교육 및 문화,전체,부산,ko,0,0.2916,61,61,0.3,저신뢰,부 산시 61 192 118 2 456 242 38 204 124
학교,1977,360,225. 시ㆍ도별 학교총괄,XII. 교육 및 문화,전체,부산,ko,1,0.3511,192,192,1.0,,부 산시 61 192 118 2 456 242 38 204 124
학교,1977,360,225. 시ㆍ도별 학교총괄,XII. 교육 및 문화,전체,부산,ko,2,0.4189,118,118,1.0,,부 산시 61 192 118 2 456 242 38 204 124
학교,1977,360,225. 시ㆍ도별 학교총괄,XII. 교육 및 문화,전체,부산,ko,3,0.54,2 456,2456,0.5,,부 산시 61 192 118 2 456 242 38 204 124
학교,1977,360,225. 시ㆍ도별 학교총괄,XII. 교육 및 문화,전체,부산,ko,4,0.6858,242,242,1.0,,부 산시 61 192 118 2 456 242 38 204 124
학교,1977,360,225. 시ㆍ도별 학교총괄,XII. 교육 및 문화,전체,부산,ko,5,0.7577,38,38,1.0,,부 산시 61 192 118 2 456 242 38 204 124
학교,1977,360,225. 시ㆍ도별 학교총괄,XII. 교육 및 문화,전체,부산,ko,6,0.8193,204,204,1.0,,부 산시 61 192 118 2 456 242 38 204 124
학교,1977,360,225. 시ㆍ도별 학교총괄,XII. 교육 및 문화,전체,부산,ko,7,0.8891,124,124,1.0,,부 산시 61 192 118 2 456 242 38 204 124
학교,1977,360,225. 시ㆍ도별 학교총괄,XII. 교육 및 문화,전체,강원,ko,0,0.2895,36,36,1.0,,강 원 도 36 54 44 908 124 41 83 35
학교,1977,360,225. 시ㆍ도별 학교총괄,XII. 교육 및 문화,전체,강원,ko,1,0.3573,54,54,1.0,,강 원 도 36 54 44 908 124 41 83 35
학교,1977,360,225. 시ㆍ도별 학교총괄,XII. 교육 및 문화,전체,강원,ko,2,0.425,44,44,1.0,,강 원 도 36 54 44 908 124 41 83 35
학교,1977,360,225. 시ㆍ도별 학교총괄,XII. 교육 및 문화,전체,강원,ko,3,0.5503,908,908,1.0,,강 원 도 36 54 44 908 124 41 83 35
학교,1977,360,225. 시ㆍ도별 학교총괄,XII. 교육 및 문화,전체,강원,ko,4,0.6879,124,124,0.5,,강 원 도 36 54 44 908 124 41 83 35
학교,1977,360,225. 시ㆍ도별 학교총괄,XII. 교육 및 문화,전체,강원,ko,5,0.7618,41,41,0.5,,강 원 도 36 54 44 908 124 41 83 35
학교,1977,360,225. 시ㆍ도별 학교총괄,XII. 교육 및 문화,전체,강원,ko,6,0.8275,83,83,1.0,,강 원 도 36 54 44 908 124 41 83 35
학교,1977,360,225. 시ㆍ도별 학교총괄,XII. 교육 및 문화,전체,강원,ko,7,0.8953,35,35,1.0,,강 원 도 36 54 44 908 124 41 83 35
학교,1977,360,225. 시ㆍ도별 학교총괄,XII. 교육 및 문화,전체,충북,ko,0,0.2895,15,15,1.0,,충 청 북 도 15 34 19 373 42 10 32 18
학교,1977,360,225. 시ㆍ도별 학교총괄,XII. 교육 및 문화,전체,충북,ko,1,0.3573,34,34,1.0,,충 청 북 도 15 34 19 373 42 10 32 18
학교,1977,360,225. 시ㆍ도별 학교총괄,XII. 교육 및 문화,전체,충북,ko,2,0.425,19,19,1.0,,충 청 북 도 15 34 19 373 42 10 32 18
학교,1977,360,225. 시ㆍ도별 학교총괄,XII. 교육 및 문화,전체,충북,ko,3,0.5503,373,373,1.0,,충 청 북 도 15 34 19 373 42 10 32 18
학교,1977,360,225. 시ㆍ도별 학교총괄,XII. 교육 및 문화,전체,충북,ko,4,0.6899,42,42,1.0,,충 청 북 도 15 34 19 373 42 10 32 18
학교,1977,360,225. 시ㆍ도별 학교총괄,XII. 교육 및 문화,전체,충북,ko,5,0.7598,10,10,0.5,,충 청 북 도 15 34 19 373 42 10 32 18
학교,1977,360,225. 시ㆍ도별 학교총괄,XII. 교육 및 문화,전체,충북,ko,6,0.8255,32,32,1.0,,충 청 북 도 15 34 19 373 42 10 32 18
학교,1977,360,225. 시ㆍ도별 학교총괄,XII. 교육 및 문화,전체,충북,ko,7,0.8953,18,18,0.5,,충 청 북 도 15 34 19 373 42 10 32 18
학교,1977,360,225. 시ㆍ도별 학교총괄,XII. 교육 및 문화,전체,서울,ko,0,0.3285,11 282,11282,0.5,,서 울특별시 11 282 12 264 932 953 489 587 443 366 2
학교,1977,360,225. 시ㆍ도별 학교총괄,XII. 교육 및 문화,전체,서울,ko,1,0.3962,12 264,12264,1.0,,서 울특별시 11 282 12 264 932 953 489 587 443 366 2
학교,1977,360,225. 시ㆍ도별 학교총괄,XII. 교육 및 문화,전체,서울,ko,2,0.4558,932 953 489 587 443 366,932953489587443366,1.0,과병합의심,서 울특별시 11 282 12 264 932 953 489 587 443 366 2
학교,1977,360,225. 시ㆍ도별 학교총괄,XII. 교육 및 문화,전체,서울,ko,3,0.9035,2,2,0.3,저신뢰,서 울특별시 11 282 12 264 932 953 489 587 443 366 2
학교,1977,360,225. 시ㆍ도별 학교총괄,XII. 교육 및 문화,전체,부산,ko,0,0.3347,4 097,4097,0.5,,부 산시 4 097 4 494 339 809 177 698 162 111 4
학교,1977,360,225. 시ㆍ도별 학교총괄,XII. 교육 및 문화,전체,부산,ko,1,0.4045,4 494,4494,0.5,,부 산시 4 097 4 494 339 809 177 698 162 111 4
학교,1977,360,225. 시ㆍ도별 학교총괄,XII. 교육 및 문화,전체,부산,ko,2,0.4558,339 809 177 698 162 111,339809177698162111,1.0,과병합의심,부 산시 4 097 4 494 339 809 177 698 162 111 4
학교,1977,360,225. 시ㆍ도별 학교총괄,XII. 교육 및 문화,전체,부산,ko,3,0.7023,4,4,1.0,,부 산시 4 097 4 494 339 809 177 698 162 111 4
학교,1977,360,225. 시ㆍ도별 학교총괄,XII. 교육 및 문화,전체,강원,ko,0,0.3347,6 788,6788,0.5,,강 원 도 6 788 6 855 325 847 167 351 158 496 7 538 954
학교,1977,360,225. 시ㆍ도별 학교총괄,XII. 교육 및 문화,전체,강원,ko,1,0.4045,6 855 325 847 167 351 158 496,6855325847167351158496,1.0,과병합의심,강 원 도 6 788 6 855 325 847 167 351 158 496 7 538 954
학교,1977,360,225. 시ㆍ도별 학교총괄,XII. 교육 및 문화,전체,강원,ko,2,0.6694,7 538,7538,0.5,,강 원 도 6 788 6 855 325 847 167 351 158 496 7 538 954
학교,1977,360,225. 시ㆍ도별 학교총괄,XII. 교육 및 문화,전체,강원,ko,3,0.885,954,954,1.0,,강 원 도 6 788 6 855 325 847 167 351 158 496 7 538 954
학교,1977,360,225. 시ㆍ도별 학교총괄,XII. 교육 및 문화,전체,충북,ko,0,0.3388,5 656,5656,0.5,,충청북 도 5 656 5 675 262 548 135 059 127 489 6 263 581
학교,1977,360,225. 시ㆍ도별 학교총괄,XII. 교육 및 문화,전체,충북,ko,1,0.4066,5 675 262 548,5675262548,1.0,과병합의심,충청북 도 5 656 5 675 262 548 135 059 127 489 6 263 581
학교,1977,360,225. 시ㆍ도별 학교총괄,XII. 교육 및 문화,전체,충북,ko,2,0.5257,135 059,135059,1.0,,충청북 도 5 656 5 675 262 548 135 059 127 489 6 263 581
학교,1977,360,225. 시ㆍ도별 학교총괄,XII. 교육 및 문화,전체,충북,ko,3,0.5914,127 489,127489,1.0,,충청북 도 5 656 5 675 262 548 135 059 127 489 6 263 581
학교,1977,360,225. 시ㆍ도별 학교총괄,XII. 교육 및 문화,전체,충북,ko,4,0.6735,6 263,6263,1.0,,충청북 도 5 656 5 675 262 548 135 059 127 489 6 263 581
학교,1977,360,225. 시ㆍ도별 학교총괄,XII. 교육 및 문화,전체,충북,ko,5,0.8871,581,581,1.0,,충청북 도 5 656 5 675 262 548 135 059 127 489 6 263 581
학교,1977,360,225. 시ㆍ도별 학교총괄,XII. 교육 및 문화,전체,충남,ko,0,0.3388,9 788,9788,0.5,,충청 남도 9 788 9 776 494 734 252 998 241 736 10 743 1 018
학교,1977,360,225. 시ㆍ도별 학교총괄,XII. 교육 및 문화,전체,충남,ko,1,0.4066,9 776 494 734 252 998,9776494734252998,0.3,저신뢰|과병합의심,충청 남도 9 788 9 776 494 734 252 998 241 736 10 743 1 018
학교,1977,360,225. 시ㆍ도별 학교총괄,XII. 교육 및 문화,전체,충남,ko,2,0.5913,241 736,241736,1.0,,충청 남도 9 788 9 776 494 734 252 998 241 736 10 743 1 018
학교,1977,360,225. 시ㆍ도별 학교총괄,XII. 교육 및 문화,전체,충남,ko,3,0.6653,10 743,10743,1.0,,충청 남도 9 788 9 776 494 734 252 998 241 736 10 743 1 018
학교,1977,360,225. 시ㆍ도별 학교총괄,XII. 교육 및 문화,전체,충남,ko,4,0.8747,1 018,1018,0.5,,충청 남도 9 788 9 776 494 734 252 998 241 736 10 743 1 018
학교,1977,360,225. 시ㆍ도별 학교총괄,XII. 교육 및 문화,전체,전북,ko,0,0.3409,9 040,9040,1.0,,전라 북 도 9 040 9 084 440 587 224 896 215 691 10 000 960
학교,1977,360,225. 시ㆍ도별 학교총괄,XII. 교육 및 문화,전체,전북,ko,1,0.4085,9 084 440 587 224 896,9084440587224896,0.5,과병합의심,전라 북 도 9 040 9 084 440 587 224 896 215 691 10 000 960
학교,1977,360,225. 시ㆍ도별 학교총괄,XII. 교육 및 문화,전체,전북,ko,2,0.5934,215 691,215691,1.0,,전라 북 도 9 040 9 084 440 587 224 896 215 691 10 000 960
학교,1977,360,225. 시ㆍ도별 학교총괄,XII. 교육 및 문화,전체,전북,ko,3,0.6652,10 000,10000,0.5,,전라 북 도 9 040 9 084 440 587 224 896 215 691 10 000 960
학교,1977,360,225. 시ㆍ도별 학교총괄,XII. 교육 및 문화,전체,전북,ko,4,0.8871,960,960,1.0,,전라 북 도 9 040 9 084 440 587 224 896 215 691 10 000 960
학교,1977,360,225. 시ㆍ도별 학교총괄,XII. 교육 및 문화,전체,전남,ko,0,0.6612,16 184,16184,0.5,,전 라 남 도 16 184
학교,1977,360,225. 시ㆍ도별 학교총괄,XII. 교육 및 문화,전체,경북,ko,0,0.3285,14 555,14555,0.5,,경 상 북 도 14 555 14 684 771 647 398 088 373 559 1 594
학교,1977,360,225. 시ㆍ도별 학교총괄,XII. 교육 및 문화,전체,경북,ko,1,0.3962,14 684,14684,0.5,,경 상 북 도 14 555 14 684 771 647 398 088 373 559 1 594
학교,1977,360,225. 시ㆍ도별 학교총괄,XII. 교육 및 문화,전체,경북,ko,2,0.4538,771 647,771647,1.0,,경 상 북 도 14 555 14 684 771 647 398 088 373 559 1 594
학교,1977,360,225. 시ㆍ도별 학교총괄,XII. 교육 및 문화,전체,경북,ko,3,0.5216,398 088 373 559,398088373559,1.0,과병합의심,경 상 북 도 14 555 14 684 771 647 398 088 373 559 1 594
학교,1977,360,225. 시ㆍ도별 학교총괄,XII. 교육 및 문화,전체,경북,ko,4,0.8706,1 594,1594,0.5,,경 상 북 도 14 555 14 684 771 647 398 088 373 559 1 594
학교,1977,360,225. 시ㆍ도별 학교총괄,XII. 교육 및 문화,전체,경남,ko,0,0.3285,10 740,10740,0.5,,경 상 남 도 10 740 10 916 528 373 270 420 257 953 12 072 I 256
학교,1977,360,225. 시ㆍ도별 학교총괄,XII. 교육 및 문화,전체,경남,ko,1,0.3963,10 916,10916,1.0,,경 상 남 도 10 740 10 916 528 373 270 420 257 953 12 072 I 256
학교,1977,360,225. 시ㆍ도별 학교총괄,XII. 교육 및 문화,전체,경남,ko,2,0.4558,528 373,528373,1.0,,경 상 남 도 10 740 10 916 528 373 270 420 257 953 12 072 I 256
학교,1977,360,225. 시ㆍ도별 학교총괄,XII. 교육 및 문화,전체,경남,ko,3,0.5216,270 420 257 953,270420257953,0.5,과병합의심,경 상 남 도 10 740 10 916 528 373 270 420 257 953 12 072 I 256
학교,1977,360,225. 시ㆍ도별 학교총괄,XII. 교육 및 문화,전체,경남,ko,4,0.661,12 072,12072,0.5,,경 상 남 도 10 740 10 916 528 373 270 420 257 953 12 072 I 256
학교,1977,360,225. 시ㆍ도별 학교총괄,XII. 교육 및 문화,전체,제주,ko,0,0.3347,1 224,1224,0.3,저신뢰,제 주 도 1 224 1 266 72 894 37 350 35 544 1 393 168
학교,1977,360,225. 시ㆍ도별 학교총괄,XII. 교육 및 문화,전체,제주,ko,1,0.4025,1 266,1266,0.5,,제 주 도 1 224 1 266 72 894 37 350 35 544 1 393 168
학교,1977,360,225. 시ㆍ도별 학교총괄,XII. 교육 및 문화,전체,제주,ko,2,0.4599,72 894,72894,1.0,,제 주 도 1 224 1 266 72 894 37 350 35 544 1 393 168
학교,1977,360,225. 시ㆍ도별 학교총괄,XII. 교육 및 문화,전체,제주,ko,3,0.5216,37 350,37350,1.0,,제 주 도 1 224 1 266 72 894 37 350 35 544 1 393 168
학교,1977,360,225. 시ㆍ도별 학교총괄,XII. 교육 및 문화,전체,제주,ko,4,0.5955,35 544,35544,1.0,,제 주 도 1 224 1 266 72 894 37 350 35 544 1 393 168
학교,1977,360,225. 시ㆍ도별 학교총괄,XII. 교육 및 문화,전체,제주,ko,5,0.6715,1 393,1393,0.5,,제 주 도 1 224 1 266 72 894 37 350 35 544 1 393 168
학교,1977,360,225. 시ㆍ도별 학교총괄,XII. 교육 및 문화,전체,제주,ko,6,0.885,168,168,1.0,,제 주 도 1 224 1 266 72 894 37 350 35 544 1 393 168
학교,1978,364,225. 시ㆍ도별 학교총괄,XII. 교육 및 문화,전체,서울,ko,0,0.2608,221,221,1.0,,서울특별시 221 631 463 821 41 429
학교,1978,364,225. 시ㆍ도별 학교총괄,XII. 교육 및 문화,전체,서울,ko,1,0.3285,631,631,0.5,,서울특별시 221 631 463 821 41 429
학교,1978,364,225. 시ㆍ도별 학교총괄,XII. 교육 및 문화,전체,서울,ko,2,0.3963,463,463,1.0,,서울특별시 221 631 463 821 41 429
학교,1978,364,225. 시ㆍ도별 학교총괄,XII. 교육 및 문화,전체,서울,ko,3,0.6797,821,821,1.0,,서울특별시 221 631 463 821 41 429
학교,1978,364,225. 시ㆍ도별 학교총괄,XII. 교육 및 문화,전체,서울,ko,4,0.7536,41,41,0.3,저신뢰,서울특별시 221 631 463 821 41 429
학교,1978,364,225. 시ㆍ도별 학교총괄,XII. 교육 및 문화,전체,서울,ko,5,0.8789,429,429,0.5,,서울특별시 221 631 463 821 41 429
학교,1978,364,225. 시ㆍ도별 학교총괄,XII. 교육 및 문화,전체,부산,ko,0,0.269,64,64,1.0,,부 산시 64 200 125 243 32 130
학교,1978,364,225. 시ㆍ도별 학교총괄,XII. 교육 및 문화,전체,부산,ko,1,0.3285,200,200,1.0,,부 산시 64 200 125 243 32 130
학교,1978,364,225. 시ㆍ도별 학교총괄,XII. 교육 및 문화,전체,부산,ko,2,0.3942,125,125,1.0,,부 산시 64 200 125 243 32 130
학교,1978,364,225. 시ㆍ도별 학교총괄,XII. 교육 및 문화,전체,부산,ko,3,0.6817,243,243,1.0,,부 산시 64 200 125 243 32 130
학교,1978,364,225. 시ㆍ도별 학교총괄,XII. 교육 및 문화,전체,부산,ko,4,0.7557,32,32,0.3,저신뢰,부 산시 64 200 125 243 32 130
학교,1978,364,225. 시ㆍ도별 학교총괄,XII. 교육 및 문화,전체,부산,ko,5,0.8789,130,130,1.0,,부 산시 64 200 125 243 32 130
학교,1978,364,225. 시ㆍ도별 학교총괄,XII. 교육 및 문화,전체,경기,ko,0,0.269,76,76,1.0,,경 기 도 76 143 101 261 59 84
학교,1978,364,225. 시ㆍ도별 학교총괄,XII. 교육 및 문화,전체,경기,ko,1,0.3306,143,143,1.0,,경 기 도 76 143 101 261 59 84
학교,1978,364,225. 시ㆍ도별 학교총괄,XII. 교육 및 문화,전체,경기,ko,2,0.3984,101,101,1.0,,경 기 도 76 143 101 261 59 84
학교,1978,364,225. 시ㆍ도별 학교총괄,XII. 교육 및 문화,전체,경기,ko,3,0.6776,261,261,1.0,,경 기 도 76 143 101 261 59 84
학교,1978,364,225. 시ㆍ도별 학교총괄,XII. 교육 및 문화,전체,경기,ko,4,0.7515,59,59,1.0,,경 기 도 76 143 101 261 59 84
학교,1978,364,225. 시ㆍ도별 학교총괄,XII. 교육 및 문화,전체,경기,ko,5,0.8871,84,84,1.0,,경 기 도 76 143 101 261 59 84
학교,1978,364,225. 시ㆍ도별 학교총괄,XII. 교육 및 문화,전체,강원,ko,0,0.269,36,36,1.0,,강 원 도 36 54 46 904 120 40 80 27
학교,1978,364,225. 시ㆍ도별 학교총괄,XII. 교육 및 문화,전체,강원,ko,1,0.3388,54,54,1.0,,강 원 도 36 54 46 904 120 40 80 27
학교,1978,364,225. 시ㆍ도별 학교총괄,XII. 교육 및 문화,전체,강원,ko,2,0.4045,46,46,1.0,,강 원 도 36 54 46 904 120 40 80 27
학교,1978,364,225. 시ㆍ도별 학교총괄,XII. 교육 및 문화,전체,강원,ko,3,0.5442,904,904,1.0,,강 원 도 36 54 46 904 120 40 80 27
학교,1978,364,225. 시ㆍ도별 학교총괄,XII. 교육 및 문화,전체,강원,ko,4,0.6817,120,120,1.0,,강 원 도 36 54 46 904 120 40 80 27
학교,1978,364,225. 시ㆍ도별 학교총괄,XII. 교육 및 문화,전체,강원,ko,5,0.7536,40,40,1.0,,강 원 도 36 54 46 904 120 40 80 27
학교,1978,364,225. 시ㆍ도별 학교총괄,XII. 교육 및 문화,전체,강원,ko,6,0.8193,80,80,0.5,,강 원 도 36 54 46 904 120 40 80 27
학교,1978,364,225. 시ㆍ도별 학교총괄,XII. 교육 및 문화,전체,강원,ko,7,0.885,27,27,1.0,,강 원 도 36 54 46 904 120 40 80 27
학교,1978,364,225. 시ㆍ도별 학교총괄,XII. 교육 및 문화,전체,충남,ko,0,0.2711,41,41,1.0,,충 청 남 도 41 74 50 12] 30 44
학교,1978,364,225. 시ㆍ도별 학교총괄,XII. 교육 및 문화,전체,충남,ko,1,0.3368,74,74,1.0,,충 청 남 도 41 74 50 12] 30 44
학교,1978,364,225. 시ㆍ도별 학교총괄,XII. 교육 및 문화,전체,충남,ko,2,0.4045,50,50,1.0,,충 청 남 도 41 74 50 12] 30 44
학교,1978,364,225. 시ㆍ도별 학교총괄,XII. 교육 및 문화,전체,충남,ko,3,0.6797,12],12,0.3,저신뢰,충 청 남 도 41 74 50 12] 30 44
학교,1978,364,225. 시ㆍ도별 학교총괄,XII. 교육 및 문화,전체,충남,ko,4,0.7515,30,30,1.0,,충 청 남 도 41 74 50 12] 30 44
학교,1978,364,225. 시ㆍ도별 학교총괄,XII. 교육 및 문화,전체,충남,ko,5,0.8871,44,44,1.0,,충 청 남 도 41 74 50 12] 30 44
학교,1978,364,225. 시ㆍ도별 학교총괄,XII. 교육 및 문화,전체,서울,ko,0,0.3717,13 306,13306,0.5,,서울특별시 11 5기1 13 306 978 968 513 265 465 14 024 2 077
학교,1978,364,225. 시ㆍ도별 학교총괄,XII. 교육 및 문화,전체,서울,ko,1,0.4394,978 968,978968,1.0,,서울특별시 11 5기1 13 306 978 968 513 265 465 14 024 2 077
학교,1978,364,225. 시ㆍ도별 학교총괄,XII. 교육 및 문화,전체,서울,ko,2,0.5153,513 265,513265,1.0,,서울특별시 11 5기1 13 306 978 968 513 265 465 14 024 2 077
학교,1978,364,225. 시ㆍ도별 학교총괄,XII. 교육 및 문화,전체,서울,ko,3,0.5852,465,465,1.0,,서울특별시 11 5기1 13 306 978 968 513 265 465 14 024 2 077
학교,1978,364,225. 시ㆍ도별 학교총괄,XII. 교육 및 문화,전체,서울,ko,4,0.6427,14 024,14024,0.5,,서울특별시 11 5기1 13 306 978 968 513 265 465 14 024 2 077
학교,1978,364,225. 시ㆍ도별 학교총괄,XII. 교육 및 문화,전체,서울,ko,5,0.846,2 077,2077,0.3,저신뢰,서울특별시 11 5기1 13 306 978 968 513 265 465 14 024 2 077
학교,1978,364,225. 시ㆍ도별 학교총괄,XII. 교육 및 문화,전체,부산,ko,0,0.3142,4 246,4246,1.0,,부산시 4 246 5 070 366 501 190 947 175 5 410 728
학교,1978,364,225. 시ㆍ도별 학교총괄,XII. 교육 및 문화,전체,부산,ko,1,0.3819,5 070,5070,1.0,,부산시 4 246 5 070 366 501 190 947 175 5 410 728
학교,1978,364,225. 시ㆍ도별 학교총괄,XII. 교육 및 문화,전체,부산,ko,2,0.4415,366 501,366501,1.0,,부산시 4 246 5 070 366 501 190 947 175 5 410 728
학교,1978,364,225. 시ㆍ도별 학교총괄,XII. 교육 및 문화,전체,부산,ko,3,0.5154,190 947,190947,1.0,,부산시 4 246 5 070 366 501 190 947 175 5 410 728
학교,1978,364,225. 시ㆍ도별 학교총괄,XII. 교육 및 문화,전체,부산,ko,4,0.5832,175,175,1.0,,부산시 4 246 5 070 366 501 190 947 175 5 410 728
학교,1978,364,225. 시ㆍ도별 학교총괄,XII. 교육 및 문화,전체,부산,ko,5,0.6509,5 410,5410,1.0,,부산시 4 246 5 070 366 501 190 947 175 5 410 728
학교,1978,364,225. 시ㆍ도별 학교총괄,XII. 교육 및 문화,전체,부산,ko,6,0.8665,728,728,1.0,,부산시 4 246 5 070 366 501 190 947 175 5 410 728
학교,1978,364,225. 시ㆍ도별 학교총괄,XII. 교육 및 문화,전체,경기,ko,0,0.308,10 234,10234,1.0,,경기 도 10 234 11 188 59| 717 303 353 289 12 238 5 646 1 120
학교,1978,364,225. 시ㆍ도별 학교총괄,XII. 교육 및 문화,전체,경기,ko,1,0.3756,11 188,11188,0.3,저신뢰,경기 도 10 234 11 188 59| 717 303 353 289 12 238 5 646 1 120
학교,1978,364,225. 시ㆍ도별 학교총괄,XII. 교육 및 문화,전체,경기,ko,2,0.5154,303 353,303353,1.0,,경기 도 10 234 11 188 59| 717 303 353 289 12 238 5 646 1 120
학교,1978,364,225. 시ㆍ도별 학교총괄,XII. 교육 및 문화,전체,경기,ko,3,0.5852,289,289,0.5,,경기 도 10 234 11 188 59| 717 303 353 289 12 238 5 646 1 120
학교,1978,364,225. 시ㆍ도별 학교총괄,XII. 교육 및 문화,전체,경기,ko,4,0.6448,12 238,12238,1.0,,경기 도 10 234 11 188 59| 717 303 353 289 12 238 5 646 1 120
학교,1978,364,225. 시ㆍ도별 학교총괄,XII. 교육 및 문화,전체,경기,ko,5,0.7823,5 646,5646,1.0,,경기 도 10 234 11 188 59| 717 303 353 289 12 238 5 646 1 120
학교,1978,364,225. 시ㆍ도별 학교총괄,XII. 교육 및 문화,전체,경기,ko,6,0.8542,1 120,1120,0.5,,경기 도 10 234 11 188 59| 717 303 353 289 12 238 5 646 1 120
학교,1978,364,225. 시ㆍ도별 학교총괄,XII. 교육 및 문화,전체,강원,ko,0,0.3162,6 846,6846,0.5,,강 원 도 6 846 6 951 317 328 162 826 154 767 2 268 980
학교,1978,364,225. 시ㆍ도별 학교총괄,XII. 교육 및 문화,전체,강원,ko,1,0.3819,6 951,6951,0.5,,강 원 도 6 846 6 951 317 328 162 826 154 767 2 268 980
학교,1978,364,225. 시ㆍ도별 학교총괄,XII. 교육 및 문화,전체,강원,ko,2,0.4415,317 328,317328,1.0,,강 원 도 6 846 6 951 317 328 162 826 154 767 2 268 980
학교,1978,364,225. 시ㆍ도별 학교총괄,XII. 교육 및 문화,전체,강원,ko,3,0.5153,162 826,162826,1.0,,강 원 도 6 846 6 951 317 328 162 826 154 767 2 268 980
학교,1978,364,225. 시ㆍ도별 학교총괄,XII. 교육 및 문화,전체,강원,ko,4,0.5852,154,154,1.0,,강 원 도 6 846 6 951 317 328 162 826 154 767 2 268 980
학교,1978,364,225. 시ㆍ도별 학교총괄,XII. 교육 및 문화,전체,강원,ko,5,0.653,767,767,0.3,저신뢰,강 원 도 6 846 6 951 317 328 162 826 154 767 2 268 980
학교,1978,364,225. 시ㆍ도별 학교총괄,XII. 교육 및 문화,전체,강원,ko,6,0.7864,2 268,2268,0.5,,강 원 도 6 846 6 951 317 328 162 826 154 767 2 268 980
학교,1978,364,225. 시ㆍ도별 학교총괄,XII. 교육 및 문화,전체,강원,ko,7,0.8665,980,980,1.0,,강 원 도 6 846 6 951 317 328 162 826 154 767 2 268 980
학교,1978,364,225. 시ㆍ도별 학교총괄,XII. 교육 및 문화,전체,전북,ko,0,0.3142,9 061,9061,0.5,,전라북도 9 061 9 200 431 361 219 812 2!| 10 147 267 877
학교,1978,364,225. 시ㆍ도별 학교총괄,XII. 교육 및 문화,전체,전북,ko,1,0.3819,9 200,9200,0.3,저신뢰,전라북도 9 061 9 200 431 361 219 812 2!| 10 147 267 877
학교,1978,364,225. 시ㆍ도별 학교총괄,XII. 교육 및 문화,전체,전북,ko,2,0.4414,431 361,431361,0.5,,전라북도 9 061 9 200 431 361 219 812 2!| 10 147 267 877
학교,1978,364,225. 시ㆍ도별 학교총괄,XII. 교육 및 문화,전체,전북,ko,3,0.5174,219 812,219812,1.0,,전라북도 9 061 9 200 431 361 219 812 2!| 10 147 267 877
학교,1978,364,225. 시ㆍ도별 학교총괄,XII. 교육 및 문화,전체,전북,ko,4,0.6407,10 147,10147,0.5,,전라북도 9 061 9 200 431 361 219 812 2!| 10 147 267 877
학교,1978,364,225. 시ㆍ도별 학교총괄,XII. 교육 및 문화,전체,전북,ko,5,0.7844,267,267,0.3,저신뢰,전라북도 9 061 9 200 431 361 219 812 2!| 10 147 267 877
학교,1978,364,225. 시ㆍ도별 학교총괄,XII. 교육 및 문화,전체,전북,ko,6,0.8604,877,877,1.0,,전라북도 9 061 9 200 431 361 219 812 2!| 10 147 267 877
학교,1978,364,225. 시ㆍ도별 학교총괄,XII. 교육 및 문화,전체,전남,ko,0,0.308,14 442,14442,1.0,,전라 남 도 14 442 14 795 741 718 379 443 263 16 113 4 205 1 448
학교,1978,364,225. 시ㆍ도별 학교총괄,XII. 교육 및 문화,전체,전남,ko,1,0.3758,14 795,14795,0.5,,전라 남 도 14 442 14 795 741 718 379 443 263 16 113 4 205 1 448
학교,1978,364,225. 시ㆍ도별 학교총괄,XII. 교육 및 문화,전체,전남,ko,2,0.4415,741 718,741718,1.0,,전라 남 도 14 442 14 795 741 718 379 443 263 16 113 4 205 1 448
학교,1978,364,225. 시ㆍ도별 학교총괄,XII. 교육 및 문화,전체,전남,ko,3,0.5174,379 443,379443,1.0,,전라 남 도 14 442 14 795 741 718 379 443 263 16 113 4 205 1 448
학교,1978,364,225. 시ㆍ도별 학교총괄,XII. 교육 및 문화,전체,전남,ko,4,0.5914,263,263,1.0,,전라 남 도 14 442 14 795 741 718 379 443 263 16 113 4 205 1 448
학교,1978,364,225. 시ㆍ도별 학교총괄,XII. 교육 및 문화,전체,전남,ko,5,0.6407,16 113,16113,1.0,,전라 남 도 14 442 14 795 741 718 379 443 263 16 113 4 205 1 448
학교,1978,364,225. 시ㆍ도별 학교총괄,XII. 교육 및 문화,전체,전남,ko,6,0.7844,4 205,4205,0.3,저신뢰,전라 남 도 14 442 14 795 741 718 379 443 263 16 113 4 205 1 448
학교,1978,364,225. 시ㆍ도별 학교총괄,XII. 교육 및 문화,전체,전남,ko,7,0.8501,1 448,1448,0.5,,전라 남 도 14 442 14 795 741 718 379 443 263 16 113 4 205 1 448
학교,1978,364,225. 시ㆍ도별 학교총괄,XII. 교육 및 문화,전체,경북,ko,0,0.308,14 527,14527,0.5,,경상북 도 14 527 15 070 759 798 391 983 114 16 562 4 801 1 545
학교,1978,364,225. 시ㆍ도별 학교총괄,XII. 교육 및 문화,전체,경북,ko,1,0.3737,15 070,15070,1.0,,경상북 도 14 527 15 070 759 798 391 983 114 16 562 4 801 1 545
학교,1978,364,225. 시ㆍ도별 학교총괄,XII. 교육 및 문화,전체,경북,ko,2,0.4414,759 798,759798,1.0,,경상북 도 14 527 15 070 759 798 391 983 114 16 562 4 801 1 545
학교,1978,364,225. 시ㆍ도별 학교총괄,XII. 교육 및 문화,전체,경북,ko,3,0.5154,391 983,391983,1.0,,경상북 도 14 527 15 070 759 798 391 983 114 16 562 4 801 1 545
학교,1978,364,225. 시ㆍ도별 학교총괄,XII. 교육 및 문화,전체,경북,ko,4,0.5893,114,114,1.0,,경상북 도 14 527 15 070 759 798 391 983 114 16 562 4 801 1 545
학교,1978,364,225. 시ㆍ도별 학교총괄,XII. 교육 및 문화,전체,경북,ko,5,0.6386,16 562,16562,1.0,,경상북 도 14 527 15 070 759 798 391 983 114 16 562 4 801 1 545
학교,1978,364,225. 시ㆍ도별 학교총괄,XII. 교육 및 문화,전체,경북,ko,6,0.7844,4 801,4801,0.5,,경상북 도 14 527 15 070 759 798 391 983 114 16 562 4 801 1 545
학교,1978,364,225. 시ㆍ도별 학교총괄,XII. 교육 및 문화,전체,경북,ko,7,0.8501,1 545,1545,0.5,,경상북 도 14 527 15 070 759 798 391 983 114 16 562 4 801 1 545
학교,1978,364,225. 시ㆍ도별 학교총괄,XII. 교육 및 문화,전체,경남,ko,0,0.308,10 776,10776,0.5,,경상 남도 10 776 JI 120 524 746 268 772 122 12 273 3 968 1 261
학교,1978,364,225. 시ㆍ도별 학교총괄,XII. 교육 및 문화,전체,경남,ko,1,0.4435,524 746,524746,0.5,,경상 남도 10 776 JI 120 524 746 268 772 122 12 273 3 968 1 261
학교,1978,364,225. 시ㆍ도별 학교총괄,XII. 교육 및 문화,전체,경남,ko,2,0.5174,268 772,268772,1.0,,경상 남도 10 776 JI 120 524 746 268 772 122 12 273 3 968 1 261
학교,1978,364,225. 시ㆍ도별 학교총괄,XII. 교육 및 문화,전체,경남,ko,3,0.5873,122,122,1.0,,경상 남도 10 776 JI 120 524 746 268 772 122 12 273 3 968 1 261
학교,1978,364,225. 시ㆍ도별 학교총괄,XII. 교육 및 문화,전체,경남,ko,4,0.6386,12 273,12273,0.5,,경상 남도 10 776 JI 120 524 746 268 772 122 12 273 3 968 1 261
학교,1978,364,225. 시ㆍ도별 학교총괄,XII. 교육 및 문화,전체,경남,ko,5,0.7823,3 968,3968,1.0,,경상 남도 10 776 JI 120 524 746 268 772 122 12 273 3 968 1 261
학교,1978,364,225. 시ㆍ도별 학교총괄,XII. 교육 및 문화,전체,경남,ko,6,0.8501,1 261,1261,0.5,,경상 남도 10 776 JI 120 524 746 268 772 122 12 273 3 968 1 261
학교,1978,364,225. 시ㆍ도별 학교총괄,XII. 교육 및 문화,전체,제주,ko,0,0.2628,112,112,1.0,,제 주 도 112 1 246 1 358 73 741 37 716 289 | 485 460 161
학교,1978,364,225. 시ㆍ도별 학교총괄,XII. 교육 및 문화,전체,제주,ko,1,0.3162,1 246,1246,0.3,저신뢰,제 주 도 112 1 246 1 358 73 741 37 716 289 | 485 460 161
학교,1978,364,225. 시ㆍ도별 학교총괄,XII. 교육 및 문화,전체,제주,ko,2,0.384,1 358,1358,0.3,저신뢰,제 주 도 112 1 246 1 358 73 741 37 716 289 | 485 460 161
학교,1978,364,225. 시ㆍ도별 학교총괄,XII. 교육 및 문화,전체,제주,ko,3,0.4497,73 741,73741,1.0,,제 주 도 112 1 246 1 358 73 741 37 716 289 | 485 460 161
학교,1978,364,225. 시ㆍ도별 학교총괄,XII. 교육 및 문화,전체,제주,ko,4,0.5216,37 716,37716,1.0,,제 주 도 112 1 246 1 358 73 741 37 716 289 | 485 460 161
학교,1978,364,225. 시ㆍ도별 학교총괄,XII. 교육 및 문화,전체,제주,ko,5,0.5914,289,289,0.5,,제 주 도 112 1 246 1 358 73 741 37 716 289 | 485 460 161
학교,1978,364,225. 시ㆍ도별 학교총괄,XII. 교육 및 문화,전체,제주,ko,6,0.7967,460,460,1.0,,제 주 도 112 1 246 1 358 73 741 37 716 289 | 485 460 161
학교,1978,364,225. 시ㆍ도별 학교총괄,XII. 교육 및 문화,전체,제주,ko,7,0.8624,161,161,1.0,,제 주 도 112 1 246 1 358 73 741 37 716 289 | 485 460 161
학교,1980,356,226. 시ㆍ도별 학교총괄,XII. 교육 및 문화,전체,제주,ko,0,0.2382,114,114,1.0,,제 주 114 | 267 1 402 75 795 38 478 37 317 1 532 1 028 504 181
학교,1980,356,226. 시ㆍ도별 학교총괄,XII. 교육 및 문화,전체,제주,ko,1,0.3799,1 402,1402,0.5,,제 주 114 | 267 1 402 75 795 38 478 37 317 1 532 1 028 504 181
학교,1980,356,226. 시ㆍ도별 학교총괄,XII. 교육 및 문화,전체,제주,ko,2,0.4476,75 795,75795,0.5,,제 주 114 | 267 1 402 75 795 38 478 37 317 1 532 1 028 504 181
학교,1980,356,226. 시ㆍ도별 학교총괄,XII. 교육 및 문화,전체,제주,ko,3,0.5214,38 478,38478,1.0,,제 주 114 | 267 1 402 75 795 38 478 37 317 1 532 1 028 504 181
학교,1980,356,226. 시ㆍ도별 학교총괄,XII. 교육 및 문화,전체,제주,ko,4,0.6016,37 317,37317,1.0,,제 주 114 | 267 1 402 75 795 38 478 37 317 1 532 1 028 504 181
학교,1980,356,226. 시ㆍ도별 학교총괄,XII. 교육 및 문화,전체,제주,ko,5,0.6879,1 532,1532,0.5,,제 주 114 | 267 1 402 75 795 38 478 37 317 1 532 1 028 504 181
학교,1980,356,226. 시ㆍ도별 학교총괄,XII. 교육 및 문화,전체,제주,ko,6,0.7639,1 028,1028,0.3,저신뢰,제 주 114 | 267 1 402 75 795 38 478 37 317 1 532 1 028 504 181
학교,1980,356,226. 시ㆍ도별 학교총괄,XII. 교육 및 문화,전체,제주,ko,7,0.8583,504,504,1.0,,제 주 114 | 267 1 402 75 795 38 478 37 317 1 532 1 028 504 181
학교,1980,356,226. 시ㆍ도별 학교총괄,XII. 교육 및 문화,전체,제주,ko,8,0.9322,181,181,1.0,,제 주 114 | 267 1 402 75 795 38 478 37 317 1 532 1 028 504 181
학교,1985,366,2. 시ㆍ도별 학교총괄,XII. 교육 및 문화,전체,울산,ko,0,0.5174,48 987,48987,0.3,저신뢰,서부대인 울산구천 특직직직 별할할함 고 48 987 26 073 2 196 997
학교,1985,366,2. 시ㆍ도별 학교총괄,XII. 교육 및 문화,전체,울산,ko,1,0.6099,26 073,26073,1.0,,서부대인 울산구천 특직직직 별할할함 고 48 987 26 073 2 196 997
학교,1985,366,2. 시ㆍ도별 학교총괄,XII. 교육 및 문화,전체,울산,ko,2,0.7043,2 196,2196,0.5,,서부대인 울산구천 특직직직 별할할함 고 48 987 26 073 2 196 997
학교,1985,366,2. 시ㆍ도별 학교총괄,XII. 교육 및 문화,전체,울산,ko,3,0.8994,997,997,1.0,,서부대인 울산구천 특직직직 별할할함 고 48 987 26 073 2 196 997
학교,1987,380,2. 시ㆍ도별 학교총괄,XII. 교육 및 문화,전체,울산,ko,0,0.2977,087,87,0.3,저신뢰,울산구썬 특직직적 기원 별할할할 087 2 34 548 3 375
학교,1987,380,2. 시ㆍ도별 학교총괄,XII. 교육 및 문화,전체,울산,ko,1,0.3696,2,2,1.0,,울산구썬 특직직적 기원 별할할할 087 2 34 548 3 375
학교,1987,380,2. 시ㆍ도별 학교총괄,XII. 교육 및 문화,전체,울산,ko,2,0.6242,34 548,34548,0.3,저신뢰,울산구썬 특직직적 기원 별할할할 087 2 34 548 3 375
학교,1987,380,2. 시ㆍ도별 학교총괄,XII. 교육 및 문화,전체,울산,ko,3,0.7187,3,3,0.3,저신뢰,울산구썬 특직직적 기원 별할할할 087 2 34 548 3 375
학교,1987,380,2. 시ㆍ도별 학교총괄,XII. 교육 및 문화,전체,울산,ko,4,0.9096,375,375,0.5,,울산구썬 특직직적 기원 별할할할 087 2 34 548 3 375
학교,1987,380,2. 시ㆍ도별 학교총괄,XII. 교육 및 문화,전체,울산,ko,0,0.3019,423,423,1.0,,울산구천 별할할할 시사시사 도도도 도 도도 도도도 423 88Pm~ 20 567 956 700m 790 2
학교,1987,380,2. 시ㆍ도별 학교총괄,XII. 교육 및 문화,전체,울산,ko,1,0.4538,20,20,1.0,,울산구천 별할할할 시사시사 도도도 도 도도 도도도 423 88Pm~ 20 567 956 700m 790 2
학교,1987,380,2. 시ㆍ도별 학교총괄,XII. 교육 및 문화,전체,울산,ko,2,0.6201,567 956,567956,0.5,,울산구천 별할할할 시사시사 도도도 도 도도 도도도 423 88Pm~ 20 567 956 700m 790 2
학교,1987,380,2. 시ㆍ도별 학교총괄,XII. 교육 및 문화,전체,울산,ko,3,0.8255,790,790,0.3,저신뢰,울산구천 별할할할 시사시사 도도도 도 도도 도도도 423 88Pm~ 20 567 956 700m 790 2
학교,1987,380,2. 시ㆍ도별 학교총괄,XII. 교육 및 문화,전체,울산,ko,4,0.8953,2,2,0.5,,울산구천 별할할할 시사시사 도도도 도 도도 도도도 423 88Pm~ 20 567 956 700m 790 2
학교,1988,380,2. 시ㆍ도별 학교총괄,XII. 교육 및 문화,전체,서울,ko,0,0.2834,431,431,1.0,,서 울 특 별 시 431 19 401 20 533 088 486 568 253 22 936 6 862 2 545
학교,1988,380,2. 시ㆍ도별 학교총괄,XII. 교육 및 문화,전체,서울,ko,1,0.3511,19 401,19401,0.5,,서 울 특 별 시 431 19 401 20 533 088 486 568 253 22 936 6 862 2 545
학교,1988,380,2. 시ㆍ도별 학교총괄,XII. 교육 및 문화,전체,서울,ko,2,0.4394,20 533,20533,0.3,저신뢰,서 울 특 별 시 431 19 401 20 533 088 486 568 253 22 936 6 862 2 545
학교,1988,380,2. 시ㆍ도별 학교총괄,XII. 교육 및 문화,전체,서울,ko,3,0.5154,088 486,88486,1.0,,서 울 특 별 시 431 19 401 20 533 088 486 568 253 22 936 6 862 2 545
학교,1988,380,2. 시ㆍ도별 학교총괄,XII. 교육 및 문화,전체,서울,ko,4,0.6078,568 253,568253,1.0,,서 울 특 별 시 431 19 401 20 533 088 486 568 253 22 936 6 862 2 545
학교,1988,380,2. 시ㆍ도별 학교총괄,XII. 교육 및 문화,전체,서울,ko,5,0.7043,22 936,22936,1.0,,서 울 특 별 시 431 19 401 20 533 088 486 568 253 22 936 6 862 2 545
학교,1988,380,2. 시ㆍ도별 학교총괄,XII. 교육 및 문화,전체,서울,ko,6,0.8008,6 862,6862,0.3,저신뢰,서 울 특 별 시 431 19 401 20 533 088 486 568 253 22 936 6 862 2 545
학교,1988,380,2. 시ㆍ도별 학교총괄,XII. 교육 및 문화,전체,서울,ko,7,0.8891,2 545,2545,0.5,,서 울 특 별 시 431 19 401 20 533 088 486 568 253 22 936 6 862 2 545
학교,1989,380,2. 시ㆍ도별 학교총괄,XII. 교육 및 문화,전체,서울,ko,0,0.2752,441,441,1.0,,서 울 특 별 시 441 19 856 21 081 1 113 868 581 707 23 978 7 045 2 887
학교,1989,380,2. 시ㆍ도별 학교총괄,XII. 교육 및 문화,전체,서울,ko,1,0.3388,19 856,19856,1.0,,서 울 특 별 시 441 19 856 21 081 1 113 868 581 707 23 978 7 045 2 887
학교,1989,380,2. 시ㆍ도별 학교총괄,XII. 교육 및 문화,전체,서울,ko,2,0.4271,21 081,21081,1.0,,서 울 특 별 시 441 19 856 21 081 1 113 868 581 707 23 978 7 045 2 887
학교,1989,380,2. 시ㆍ도별 학교총괄,XII. 교육 및 문화,전체,서울,ko,3,0.4908,1 113 868,1113868,1.0,,서 울 특 별 시 441 19 856 21 081 1 113 868 581 707 23 978 7 045 2 887
학교,1989,380,2. 시ㆍ도별 학교총괄,XII. 교육 및 문화,전체,서울,ko,4,0.5933,581 707,581707,0.3,저신뢰,서 울 특 별 시 441 19 856 21 081 1 113 868 581 707 23 978 7 045 2 887
학교,1989,380,2. 시ㆍ도별 학교총괄,XII. 교육 및 문화,전체,서울,ko,5,0.6858,23 978,23978,1.0,,서 울 특 별 시 441 19 856 21 081 1 113 868 581 707 23 978 7 045 2 887
학교,1989,380,2. 시ㆍ도별 학교총괄,XII. 교육 및 문화,전체,서울,ko,6,0.7822,7 045,7045,0.5,,서 울 특 별 시 441 19 856 21 081 1 113 868 581 707 23 978 7 045 2 887
학교,1989,380,2. 시ㆍ도별 학교총괄,XII. 교육 및 문화,전체,서울,ko,7,0.8705,2 887,2887,0.5,,서 울 특 별 시 441 19 856 21 081 1 113 868 581 707 23 978 7 045 2 887
학교,1989,380,2. 시ㆍ도별 학교총괄,XII. 교육 및 문화,전체,부산,ko,0,0.2752,202,202,0.3,저신뢰,부 산 직 할할할할 시시시시 202 540 749 445 909 230 982 9532 591 3 293 1 050
학교,1989,380,2. 시ㆍ도별 학교총괄,XII. 교육 및 문화,전체,부산,ko,1,0.3634,540,540,1.0,,부 산 직 할할할할 시시시시 202 540 749 445 909 230 982 9532 591 3 293 1 050
학교,1989,380,2. 시ㆍ도별 학교총괄,XII. 교육 및 문화,전체,부산,ko,2,0.4497,749,749,1.0,,부 산 직 할할할할 시시시시 202 540 749 445 909 230 982 9532 591 3 293 1 050
학교,1989,380,2. 시ㆍ도별 학교총괄,XII. 교육 및 문화,전체,부산,ko,3,0.5072,445 909,445909,0.5,,부 산 직 할할할할 시시시시 202 540 749 445 909 230 982 9532 591 3 293 1 050
학교,1989,380,2. 시ㆍ도별 학교총괄,XII. 교육 및 문화,전체,부산,ko,4,0.5933,230 982,230982,1.0,,부 산 직 할할할할 시시시시 202 540 749 445 909 230 982 9532 591 3 293 1 050
학교,1989,380,2. 시ㆍ도별 학교총괄,XII. 교육 및 문화,전체,부산,ko,5,0.6961,9532 591,9532591,0.5,,부 산 직 할할할할 시시시시 202 540 749 445 909 230 982 9532 591 3 293 1 050
학교,1989,380,2. 시ㆍ도별 학교총괄,XII. 교육 및 문화,전체,부산,ko,6,0.7843,3 293,3293,0.5,,부 산 직 할할할할 시시시시 202 540 749 445 909 230 982 9532 591 3 293 1 050
학교,1989,380,2. 시ㆍ도별 학교총괄,XII. 교육 및 문화,전체,부산,ko,7,0.8706,1 050,1050,0.5,,부 산 직 할할할할 시시시시 202 540 749 445 909 230 982 9532 591 3 293 1 050
학교,1989,380,2. 시ㆍ도별 학교총괄,XII. 교육 및 문화,전체,대구,ko,0,0.2752,115,115,1.0,,대 구천주 직직적 115 4 179 732 244 325 127 975 219 2 765 565
학교,1989,380,2. 시ㆍ도별 학교총괄,XII. 교육 및 문화,전체,대구,ko,1,0.347,4 179,4179,1.0,,대 구천주 직직적 115 4 179 732 244 325 127 975 219 2 765 565
학교,1989,380,2. 시ㆍ도별 학교총괄,XII. 교육 및 문화,전체,대구,ko,2,0.4476,732,732,0.5,,대 구천주 직직적 115 4 179 732 244 325 127 975 219 2 765 565
학교,1989,380,2. 시ㆍ도별 학교총괄,XII. 교육 및 문화,전체,대구,ko,3,0.5071,244 325,244325,0.5,,대 구천주 직직적 115 4 179 732 244 325 127 975 219 2 765 565
학교,1989,380,2. 시ㆍ도별 학교총괄,XII. 교육 및 문화,전체,대구,ko,4,0.5934,127 975,127975,1.0,,대 구천주 직직적 115 4 179 732 244 325 127 975 219 2 765 565
학교,1989,380,2. 시ㆍ도별 학교총괄,XII. 교육 및 문화,전체,대구,ko,5,0.7105,219,219,1.0,,대 구천주 직직적 115 4 179 732 244 325 127 975 219 2 765 565
학교,1989,380,2. 시ㆍ도별 학교총괄,XII. 교육 및 문화,전체,대구,ko,6,0.7823,2 765,2765,1.0,,대 구천주 직직적 115 4 179 732 244 325 127 975 219 2 765 565
학교,1989,380,2. 시ㆍ도별 학교총괄,XII. 교육 및 문화,전체,대구,ko,7,0.8891,565,565,1.0,,대 구천주 직직적 115 4 179 732 244 325 127 975 219 2 765 565
학교,1990,380,2. 시ㆍ도별 학교총괄,XII. 교육 및 문화,전체,울산,ko,0,0.2936,453,453,0.5,,울산구 특직직 별할할 453 20 337 945 146 912 598 679 24 626 7 133 31
학교,1990,380,2. 시ㆍ도별 학교총괄,XII. 교육 및 문화,전체,울산,ko,1,0.3573,20 337,20337,1.0,,울산구 특직직 별할할 453 20 337 945 146 912 598 679 24 626 7 133 31
학교,1990,380,2. 시ㆍ도별 학교총괄,XII. 교육 및 문화,전체,울산,ko,2,0.4641,945,945,0.3,저신뢰,울산구 특직직 별할할 453 20 337 945 146 912 598 679 24 626 7 133 31
학교,1990,380,2. 시ㆍ도별 학교총괄,XII. 교육 및 문화,전체,울산,ko,3,0.5216,146 912,146912,1.0,,울산구 특직직 별할할 453 20 337 945 146 912 598 679 24 626 7 133 31
학교,1990,380,2. 시ㆍ도별 학교총괄,XII. 교육 및 문화,전체,울산,ko,4,0.6078,598 679,598679,1.0,,울산구 특직직 별할할 453 20 337 945 146 912 598 679 24 626 7 133 31
학교,1990,380,2. 시ㆍ도별 학교총괄,XII. 교육 및 문화,전체,울산,ko,5,0.7023,24 626,24626,1.0,,울산구 특직직 별할할 453 20 337 945 146 912 598 679 24 626 7 133 31
학교,1990,380,2. 시ㆍ도별 학교총괄,XII. 교육 및 문화,전체,울산,ko,6,0.7967,7 133,7133,0.3,저신뢰,울산구 특직직 별할할 453 20 337 945 146 912 598 679 24 626 7 133 31
학교,1990,380,2. 시ㆍ도별 학교총괄,XII. 교육 및 문화,전체,울산,ko,7,0.883,31,31,0.3,저신뢰,울산구 특직직 별할할 453 20 337 945 146 912 598 679 24 626 7 133 31
학교,1990,380,2. 시ㆍ도별 학교총괄,XII. 교육 및 문화,전체,인천,ko,0,0.2936,100,100,1.0,,인 천 할할할 시시시 100 077 3 690 197 242 101 552 43 284 031 556
학교,1990,380,2. 시ㆍ도별 학교총괄,XII. 교육 및 문화,전체,인천,ko,1,0.3799,077,77,1.0,,인 천 할할할 시시시 100 077 3 690 197 242 101 552 43 284 031 556
학교,1990,380,2. 시ㆍ도별 학교총괄,XII. 교육 및 문화,전체,인천,ko,2,0.4517,3 690,3690,1.0,,인 천 할할할 시시시 100 077 3 690 197 242 101 552 43 284 031 556
학교,1990,380,2. 시ㆍ도별 학교총괄,XII. 교육 및 문화,전체,인천,ko,3,0.5216,197 242,197242,1.0,,인 천 할할할 시시시 100 077 3 690 197 242 101 552 43 284 031 556
학교,1990,380,2. 시ㆍ도별 학교총괄,XII. 교육 및 문화,전체,인천,ko,4,0.6078,101 552,101552,1.0,,인 천 할할할 시시시 100 077 3 690 197 242 101 552 43 284 031 556
학교,1990,380,2. 시ㆍ도별 학교총괄,XII. 교육 및 문화,전체,인천,ko,5,0.7105,43 284,43284,1.0,,인 천 할할할 시시시 100 077 3 690 197 242 101 552 43 284 031 556
학교,1990,380,2. 시ㆍ도별 학교총괄,XII. 교육 및 문화,전체,인천,ko,6,0.809,031,31,0.5,,인 천 할할할 시시시 100 077 3 690 197 242 101 552 43 284 031 556
학교,1990,380,2. 시ㆍ도별 학교총괄,XII. 교육 및 문화,전체,인천,ko,7,0.8973,556,556,1.0,,인 천 할할할 시시시 100 077 3 690 197 242 101 552 43 284 031 556
학교,1991,380,2. 시ㆍ도별 학교총괄,XII. 교육 및 문화,전체,울산,ko,0,0.2895,398,398,1.0,,서부대 울산구 특직직 별할할 시시시 398 2 992 2 976 94 005 49 650 4고 751 252 288
학교,1991,380,2. 시ㆍ도별 학교총괄,XII. 교육 및 문화,전체,울산,ko,1,0.3614,2 992,2992,0.5,,서부대 울산구 특직직 별할할 시시시 398 2 992 2 976 94 005 49 650 4고 751 252 288
학교,1991,380,2. 시ㆍ도별 학교총괄,XII. 교육 및 문화,전체,울산,ko,2,0.4497,2 976,2976,1.0,,서부대 울산구 특직직 별할할 시시시 398 2 992 2 976 94 005 49 650 4고 751 252 288
학교,1991,380,2. 시ㆍ도별 학교총괄,XII. 교육 및 문화,전체,울산,ko,3,0.5277,94 005,94005,1.0,,서부대 울산구 특직직 별할할 시시시 398 2 992 2 976 94 005 49 650 4고 751 252 288
학교,1991,380,2. 시ㆍ도별 학교총괄,XII. 교육 및 문화,전체,울산,ko,4,0.616,49 650,49650,1.0,,서부대 울산구 특직직 별할할 시시시 398 2 992 2 976 94 005 49 650 4고 751 252 288
학교,1991,380,2. 시ㆍ도별 학교총괄,XII. 교육 및 문화,전체,울산,ko,5,0.7269,751,751,1.0,,서부대 울산구 특직직 별할할 시시시 398 2 992 2 976 94 005 49 650 4고 751 252 288
학교,1991,380,2. 시ㆍ도별 학교총괄,XII. 교육 및 문화,전체,울산,ko,6,0.8152,252,252,1.0,,서부대 울산구 특직직 별할할 시시시 398 2 992 2 976 94 005 49 650 4고 751 252 288
학교,1991,380,2. 시ㆍ도별 학교총괄,XII. 교육 및 문화,전체,울산,ko,7,0.8994,288,288,0.3,저신뢰,서부대 울산구 특직직 별할할 시시시 398 2 992 2 976 94 005 49 650 4고 751 252 288
학교,1992,380,2. 시ㆍ도별 학교 총괄,XII. 교육 및 문화,전체,울산,ko,0,0.2936,1 364,1364,1.0,,울산구 천주전 별할할 할할할 시시시 시시시 도도도 도도도 1 364 3 103 3 009 96 688 50 394 4고 521 188
학교,1992,380,2. 시ㆍ도별 학교 총괄,XII. 교육 및 문화,전체,울산,ko,1,0.3819,3 103,3103,1.0,,울산구 천주전 별할할 할할할 시시시 시시시 도도도 도도도 1 364 3 103 3 009 96 688 50 394 4고 521 188
학교,1992,380,2. 시ㆍ도별 학교 총괄,XII. 교육 및 문화,전체,울산,ko,2,0.4701,3 009,3009,0.5,,울산구 천주전 별할할 할할할 시시시 시시시 도도도 도도도 1 364 3 103 3 009 96 688 50 394 4고 521 188
학교,1992,380,2. 시ㆍ도별 학교 총괄,XII. 교육 및 문화,전체,울산,ko,3,0.5503,96 688,96688,1.0,,울산구 천주전 별할할 할할할 시시시 시시시 도도도 도도도 1 364 3 103 3 009 96 688 50 394 4고 521 188
학교,1992,380,2. 시ㆍ도별 학교 총괄,XII. 교육 및 문화,전체,울산,ko,4,0.6365,50 394,50394,1.0,,울산구 천주전 별할할 할할할 시시시 시시시 도도도 도도도 1 364 3 103 3 009 96 688 50 394 4고 521 188
학교,1992,380,2. 시ㆍ도별 학교 총괄,XII. 교육 및 문화,전체,울산,ko,5,0.7433,521,521,1.0,,울산구 천주전 별할할 할할할 시시시 시시시 도도도 도도도 1 364 3 103 3 009 96 688 50 394 4고 521 188
학교,1992,380,2. 시ㆍ도별 학교 총괄,XII. 교육 및 문화,전체,울산,ko,6,0.8357,188,188,1.0,,울산구 천주전 별할할 할할할 시시시 시시시 도도도 도도도 1 364 3 103 3 009 96 688 50 394 4고 521 188
학교,1994,558,2. 시도별 학교총괄,XVIII. 교육 및 문화,전체,인천,ko,0,0.2957,117,117,1.0,,인 천 직직직 할 117 4 271 215 454
학교,1994,558,2. 시도별 학교총괄,XVIII. 교육 및 문화,전체,인천,ko,1,0.3737,4 271,4271,0.5,,인 천 직직직 할 117 4 271 215 454
학교,1994,558,2. 시도별 학교총괄,XVIII. 교육 및 문화,전체,인천,ko,2,0.5359,215 454,215454,1.0,,인 천 직직직 할 117 4 271 215 454
학교,1998,638,2. 시ㆍ도별 학교총괄,"XVIII. 교육, 문화 및 체육",전체,제주,ko,0,0.3634,1 380,1380,1.0,,제 주 1 380 1 382 42 435 22 125 769
학교,1998,638,2. 시ㆍ도별 학교총괄,"XVIII. 교육, 문화 및 체육",전체,제주,ko,1,0.4538,1 382,1382,0.5,,제 주 1 380 1 382 42 435 22 125 769
학교,1998,638,2. 시ㆍ도별 학교총괄,"XVIII. 교육, 문화 및 체육",전체,제주,ko,2,0.54,42 435,42435,1.0,,제 주 1 380 1 382 42 435 22 125 769
학교,1998,638,2. 시ㆍ도별 학교총괄,"XVIII. 교육, 문화 및 체육",전체,제주,ko,3,0.6304,22 125,22125,0.5,,제 주 1 380 1 382 42 435 22 125 769
학교,1998,638,2. 시ㆍ도별 학교총괄,"XVIII. 교육, 문화 및 체육",전체,제주,ko,4,0.8296,769,769,0.3,저신뢰,제 주 1 380 1 382 42 435 22 125 769
학교,2001,678,2. 시ㆍ도별 학교총괄(1992-2001),"XIX. 교육, 문화 및 체육",전체,제주,ko,0,0.5422,48 850,48850,0.5,,제 주 48 850 25 554 658
학교,2001,678,2. 시ㆍ도별 학교총괄(1992-2001),"XIX. 교육, 문화 및 체육",전체,제주,ko,1,0.6325,25 554,25554,1.0,,제 주 48 850 25 554 658
학교,2001,678,2. 시ㆍ도별 학교총괄(1992-2001),"XIX. 교육, 문화 및 체육",전체,제주,ko,2,0.8273,658,658,1.0,,제 주 48 850 25 554 658
학교,2003,702,2. 시ㆍ도별 학교 총괄,"XVII. 교육, 문화 및 과학",전체,울산,ko,0,0.9002,1 196,1196,1.0,,울산구 특광광 별역역 1 196
학교,2003,702,2. 시ㆍ도별 학교 총괄,"XVII. 교육, 문화 및 과학",전체,제주,ko,0,0.3177,104,104,1.0,,제 주 104
학교,2004,764,2. 시ㆍ도별학교총괄,XVII. 교육 문화 및 과학,전체,부산,ko,0,0.5154,39 336,39336,1.0,,부산 공 39 336
학교,2004,764,2. 시ㆍ도별학교총괄,XVII. 교육 문화 및 과학,전체,대구,ko,0,0.5154,28 604,28604,0.5,,대구 공 역 28 604
학교,2004,764,2. 시ㆍ도별학교총괄,XVII. 교육 문화 및 과학,전체,경기,ko,0,0.2587,967,967,1.0,,경 기 도 967 25 71 986 056 516 211 32 411 4 356
학교,2004,764,2. 시ㆍ도별학교총괄,XVII. 교육 문화 및 과학,전체,경기,ko,1,0.425,25 71,2571,0.3,저신뢰,경 기 도 967 25 71 986 056 516 211 32 411 4 356
학교,2004,764,2. 시ㆍ도별학교총괄,XVII. 교육 문화 및 과학,전체,경기,ko,2,0.5133,986 056,986056,1.0,,경 기 도 967 25 71 986 056 516 211 32 411 4 356
학교,2004,764,2. 시ㆍ도별학교총괄,XVII. 교육 문화 및 과학,전체,경기,ko,3,0.6015,516 211,516211,1.0,,경 기 도 967 25 71 986 056 516 211 32 411 4 356
학교,2004,764,2. 시ㆍ도별학교총괄,XVII. 교육 문화 및 과학,전체,경기,ko,4,0.7023,32 411,32411,1.0,,경 기 도 967 25 71 986 056 516 211 32 411 4 356
학교,2004,764,2. 시ㆍ도별학교총괄,XVII. 교육 문화 및 과학,전체,경기,ko,5,0.8891,4 356,4356,1.0,,경 기 도 967 25 71 986 056 516 211 32 411 4 356
학교,2004,764,2. 시ㆍ도별학교총괄,XVII. 교육 문화 및 과학,전체,강원,ko,0,0.2567,366,366,1.0,,강 원 도 366 4 590 122 661 64 175 5 810 1 575
학교,2004,764,2. 시ㆍ도별학교총괄,XVII. 교육 문화 및 과학,전체,강원,ko,1,0.4292,4 590,4590,1.0,,강 원 도 366 4 590 122 661 64 175 5 810 1 575
학교,2004,764,2. 시ㆍ도별학교총괄,XVII. 교육 문화 및 과학,전체,강원,ko,2,0.5092,122 661,122661,1.0,,강 원 도 366 4 590 122 661 64 175 5 810 1 575
학교,2004,764,2. 시ㆍ도별학교총괄,XVII. 교육 문화 및 과학,전체,강원,ko,3,0.6078,64 175,64175,1.0,,강 원 도 366 4 590 122 661 64 175 5 810 1 575
학교,2004,764,2. 시ㆍ도별학교총괄,XVII. 교육 문화 및 과학,전체,강원,ko,4,0.7064,5 810,5810,1.0,,강 원 도 366 4 590 122 661 64 175 5 810 1 575
학교,2004,764,2. 시ㆍ도별학교총괄,XVII. 교육 문화 및 과학,전체,강원,ko,5,0.8891,1 575,1575,0.5,,강 원 도 366 4 590 122 661 64 175 5 810 1 575
학교,2004,764,2. 시ㆍ도별학교총괄,XVII. 교육 문화 및 과학,전체,충북,ko,0,0.2567,248,248,1.0,,충 청 북도 248 4 274 128 904 68 186 5 396 1 263
학교,2004,764,2. 시ㆍ도별학교총괄,XVII. 교육 문화 및 과학,전체,충북,ko,1,0.4292,4 274,4274,0.5,,충 청 북도 248 4 274 128 904 68 186 5 396 1 263
학교,2004,764,2. 시ㆍ도별학교총괄,XVII. 교육 문화 및 과학,전체,충북,ko,2,0.5092,128 904,128904,1.0,,충 청 북도 248 4 274 128 904 68 186 5 396 1 263
학교,2004,764,2. 시ㆍ도별학교총괄,XVII. 교육 문화 및 과학,전체,충북,ko,3,0.6078,68 186,68186,1.0,,충 청 북도 248 4 274 128 904 68 186 5 396 1 263
학교,2004,764,2. 시ㆍ도별학교총괄,XVII. 교육 문화 및 과학,전체,충북,ko,4,0.7043,5 396,5396,0.3,저신뢰,충 청 북도 248 4 274 128 904 68 186 5 396 1 263
학교,2004,764,2. 시ㆍ도별학교총괄,XVII. 교육 문화 및 과학,전체,충북,ko,5,0.8891,1 263,1263,0.5,,충 청 북도 248 4 274 128 904 68 186 5 396 1 263
학교,2004,764,2. 시ㆍ도별학교총괄,XVII. 교육 문화 및 과학,전체,충남,ko,0,0.2587,436,436,1.0,,충청남도 436 6 229 5 814 156 721 82 519 7 689 2 016
학교,2004,764,2. 시ㆍ도별학교총괄,XVII. 교육 문화 및 과학,전체,충남,ko,1,0.3388,6 229,6229,0.3,저신뢰,충청남도 436 6 229 5 814 156 721 82 519 7 689 2 016
학교,2004,764,2. 시ㆍ도별학교총괄,XVII. 교육 문화 및 과학,전체,충남,ko,2,0.4292,5 814,5814,1.0,,충청남도 436 6 229 5 814 156 721 82 519 7 689 2 016
학교,2004,764,2. 시ㆍ도별학교총괄,XVII. 교육 문화 및 과학,전체,충남,ko,3,0.5092,156 721,156721,1.0,,충청남도 436 6 229 5 814 156 721 82 519 7 689 2 016
학교,2004,764,2. 시ㆍ도별학교총괄,XVII. 교육 문화 및 과학,전체,충남,ko,4,0.6078,82 519,82519,1.0,,충청남도 436 6 229 5 814 156 721 82 519 7 689 2 016
학교,2004,764,2. 시ㆍ도별학교총괄,XVII. 교육 문화 및 과학,전체,충남,ko,5,0.7064,7 689,7689,0.5,,충청남도 436 6 229 5 814 156 721 82 519 7 689 2 016
학교,2004,764,2. 시ㆍ도별학교총괄,XVII. 교육 문화 및 과학,전체,충남,ko,6,0.8891,2 016,2016,0.3,저신뢰,충청남도 436 6 229 5 814 156 721 82 519 7 689 2 016
학교,2004,764,2. 시ㆍ도별학교총괄,XVII. 교육 문화 및 과학,전체,전북,ko,0,0.2567,415,415,1.0,,전라북도 415 6 351 5 801 160 778 83 879 7 364 1 895
학교,2004,764,2. 시ㆍ도별학교총괄,XVII. 교육 문화 및 과학,전체,전북,ko,1,0.3368,6 351,6351,0.5,,전라북도 415 6 351 5 801 160 778 83 879 7 364 1 895
학교,2004,764,2. 시ㆍ도별학교총괄,XVII. 교육 문화 및 과학,전체,전북,ko,2,0.4271,5 801,5801,1.0,,전라북도 415 6 351 5 801 160 778 83 879 7 364 1 895
학교,2004,764,2. 시ㆍ도별학교총괄,XVII. 교육 문화 및 과학,전체,전북,ko,3,0.5092,160 778,160778,1.0,,전라북도 415 6 351 5 801 160 778 83 879 7 364 1 895
학교,2004,764,2. 시ㆍ도별학교총괄,XVII. 교육 문화 및 과학,전체,전북,ko,4,0.6078,83 879,83879,0.5,,전라북도 415 6 351 5 801 160 778 83 879 7 364 1 895
학교,2004,764,2. 시ㆍ도별학교총괄,XVII. 교육 문화 및 과학,전체,전북,ko,5,0.7043,7 364,7364,0.5,,전라북도 415 6 351 5 801 160 778 83 879 7 364 1 895
학교,2004,764,2. 시ㆍ도별학교총괄,XVII. 교육 문화 및 과학,전체,전북,ko,6,0.8871,1 895,1895,1.0,,전라북도 415 6 351 5 801 160 778 83 879 7 364 1 895
학교,2004,764,2. 시ㆍ도별학교총괄,XVII. 교육 문화 및 과학,전체,전남,ko,0,0.2546,457,457,1.0,,전라남도 457 6 568 6 469 161 187 84 047 8 172 2 251
학교,2004,764,2. 시ㆍ도별학교총괄,XVII. 교육 문화 및 과학,전체,전남,ko,1,0.3368,6 568,6568,1.0,,전라남도 457 6 568 6 469 161 187 84 047 8 172 2 251
학교,2004,764,2. 시ㆍ도별학교총괄,XVII. 교육 문화 및 과학,전체,전남,ko,2,0.4292,6 469,6469,0.3,저신뢰,전라남도 457 6 568 6 469 161 187 84 047 8 172 2 251
학교,2004,764,2. 시ㆍ도별학교총괄,XVII. 교육 문화 및 과학,전체,전남,ko,3,0.5092,161 187,161187,1.0,,전라남도 457 6 568 6 469 161 187 84 047 8 172 2 251
학교,2004,764,2. 시ㆍ도별학교총괄,XVII. 교육 문화 및 과학,전체,전남,ko,4,0.6078,84 047,84047,0.5,,전라남도 457 6 568 6 469 161 187 84 047 8 172 2 251
학교,2004,764,2. 시ㆍ도별학교총괄,XVII. 교육 문화 및 과학,전체,전남,ko,5,0.7043,8 172,8172,0.5,,전라남도 457 6 568 6 469 161 187 84 047 8 172 2 251
학교,2004,764,2. 시ㆍ도별학교총괄,XVII. 교육 문화 및 과학,전체,전남,ko,6,0.8871,2 251,2251,0.5,,전라남도 457 6 568 6 469 161 187 84 047 8 172 2 251
학교,2006,792,2. 시ㆍ도별학교총괄,"XVII. 교육, 문화 및 과학",전체,울산,ko,0,0.7064,5 153,5153,1.0,,서부대 울산구 별역역 시시시 5 153
학교,2006,792,2. 시ㆍ도별학교총괄,"XVII. 교육, 문화 및 과학",전체,울산,ko,0,0.7187,897,897,1.0,,울 산 897
학교,2006,792,2. 시ㆍ도별학교총괄,"XVII. 교육, 문화 및 과학",전체,경기,ko,0,0.7064,7 246,7246,0.5,,경 기 도도도 7 246
학교,2006,792,2. 시ㆍ도별학교총괄,"XVII. 교육, 문화 및 과학",전체,강원,ko,0,0.7166,983,983,1.0,,강 원 983
학교,2006,792,2. 시ㆍ도별학교총괄,"XVII. 교육, 문화 및 과학",전체,경북,ko,0,0.5216,35 079,35079,0.5,,경 상북 도도도 35 079 3 50
학교,2006,792,2. 시ㆍ도별학교총괄,"XVII. 교육, 문화 및 과학",전체,경북,ko,1,0.7023,3 50,350,0.3,저신뢰,경 상북 도도도 35 079 3 50
학교,2006,792,2. 시ㆍ도별학교총괄,"XVII. 교육, 문화 및 과학",전체,서울,ko,0,0.5154,689 169,689169,1.0,,서 울 특 별 시 689 169 360 956 27 219
학교,2006,792,2. 시ㆍ도별학교총괄,"XVII. 교육, 문화 및 과학",전체,서울,ko,1,0.6058,360 956,360956,1.0,,서 울 특 별 시 689 169 360 956 27 219
학교,2006,792,2. 시ㆍ도별학교총괄,"XVII. 교육, 문화 및 과학",전체,서울,ko,2,0.7023,27 219,27219,0.5,,서 울 특 별 시 689 169 360 956 27 219
학교,2006,792,2. 시ㆍ도별학교총괄,"XVII. 교육, 문화 및 과학",전체,부산,ko,0,0.5154,252 856,252856,1.0,,부산광역 시 252 856 134 991 10 999
학교,2006,792,2. 시ㆍ도별학교총괄,"XVII. 교육, 문화 및 과학",전체,부산,ko,1,0.6058,134 991,134991,1.0,,부산광역 시 252 856 134 991 10 999
학교,2006,792,2. 시ㆍ도별학교총괄,"XVII. 교육, 문화 및 과학",전체,부산,ko,2,0.7023,10 999,10999,1.0,,부산광역 시 252 856 134 991 10 999
학교,2006,792,2. 시ㆍ도별학교총괄,"XVII. 교육, 문화 및 과학",전체,대구,ko,0,0.5174,205 658,205658,1.0,,대구광 역 시 205 658 110 642 8 194
학교,2006,792,2. 시ㆍ도별학교총괄,"XVII. 교육, 문화 및 과학",전체,대구,ko,1,0.6078,110 642,110642,1.0,,대구광 역 시 205 658 110 642 8 194
학교,2006,792,2. 시ㆍ도별학교총괄,"XVII. 교육, 문화 및 과학",전체,대구,ko,2,0.7084,8 194,8194,0.5,,대구광 역 시 205 658 110 642 8 194
학교,2006,792,2. 시ㆍ도별학교총괄,"XVII. 교육, 문화 및 과학",전체,인천,ko,0,0.5154,222 154,222154,1.0,,인천광 역시 222 154 116 128 8 935
학교,2006,792,2. 시ㆍ도별학교총괄,"XVII. 교육, 문화 및 과학",전체,인천,ko,1,0.6077,116 128,116128,1.0,,인천광 역시 222 154 116 128 8 935
학교,2006,792,2. 시ㆍ도별학교총괄,"XVII. 교육, 문화 및 과학",전체,인천,ko,2,0.7064,8 935,8935,1.0,,인천광 역시 222 154 116 128 8 935
학교,2006,792,2. 시ㆍ도별학교총괄,"XVII. 교육, 문화 및 과학",전체,광주,ko,0,0.5174,134 192,134192,1.0,,광주광역시 134 192 69 983 5 103 671
학교,2006,792,2. 시ㆍ도별학교총괄,"XVII. 교육, 문화 및 과학",전체,광주,ko,1,0.6119,69 983,69983,0.5,,광주광역시 134 192 69 983 5 103 671
학교,2006,792,2. 시ㆍ도별학교총괄,"XVII. 교육, 문화 및 과학",전체,광주,ko,2,0.7064,5 103,5103,0.5,,광주광역시 134 192 69 983 5 103 671
학교,2006,792,2. 시ㆍ도별학교총괄,"XVII. 교육, 문화 및 과학",전체,광주,ko,3,0.8994,671,671,1.0,,광주광역시 134 192 69 983 5 103 671
학교,2006,792,2. 시ㆍ도별학교총괄,"XVII. 교육, 문화 및 과학",전체,대전,ko,0,0.5174,127 601,127601,1.0,,대전광역 시 127 601 67 209 5 095 671
학교,2006,792,2. 시ㆍ도별학교총괄,"XVII. 교육, 문화 및 과학",전체,대전,ko,1,0.614,67 209,67209,0.5,,대전광역 시 127 601 67 209 5 095 671
학교,2006,792,2. 시ㆍ도별학교총괄,"XVII. 교육, 문화 및 과학",전체,대전,ko,2,0.7083,5 095,5095,1.0,,대전광역 시 127 601 67 209 5 095 671
학교,2006,792,2. 시ㆍ도별학교총괄,"XVII. 교육, 문화 및 과학",전체,대전,ko,3,0.9014,671,671,1.0,,대전광역 시 127 601 67 209 5 095 671
학교,2006,792,2. 시ㆍ도별학교총괄,"XVII. 교육, 문화 및 과학",전체,울산,ko,0,0.5174,103 265,103265,1.0,,울산광역 시 103 265 55 452 4 013 998 548
학교,2006,792,2. 시ㆍ도별학교총괄,"XVII. 교육, 문화 및 과학",전체,울산,ko,1,0.614,55 452,55452,0.5,,울산광역 시 103 265 55 452 4 013 998 548
학교,2006,792,2. 시ㆍ도별학교총괄,"XVII. 교육, 문화 및 과학",전체,울산,ko,2,0.7084,4 013,4013,1.0,,울산광역 시 103 265 55 452 4 013 998 548
학교,2006,792,2. 시ㆍ도별학교총괄,"XVII. 교육, 문화 및 과학",전체,울산,ko,3,0.809,998,998,1.0,,울산광역 시 103 265 55 452 4 013 998 548
학교,2006,792,2. 시ㆍ도별학교총괄,"XVII. 교육, 문화 및 과학",전체,울산,ko,4,0.8994,548,548,1.0,,울산광역 시 103 265 55 452 4 013 998 548
학교,2006,792,2. 시ㆍ도별학교총괄,"XVII. 교육, 문화 및 과학",전체,경기,ko,0,0.5174,966 347,966347,1.0,,경 기 도 966 347 504 283 34 829
학교,2006,792,2. 시ㆍ도별학교총괄,"XVII. 교육, 문화 및 과학",전체,경기,ko,1,0.6058,504 283,504283,0.3,저신뢰,경 기 도 966 347 504 283 34 829
학교,2006,792,2. 시ㆍ도별학교총괄,"XVII. 교육, 문화 및 과학",전체,경기,ko,2,0.7023,34 829,34829,1.0,,경 기 도 966 347 504 283 34 829
학교,2006,792,2. 시ㆍ도별학교총괄,"XVII. 교육, 문화 및 과학",전체,강원,ko,0,0.5174,117 025,117025,0.5,,강 원 도 117 025 61 113 5 958
학교,2006,792,2. 시ㆍ도별학교총괄,"XVII. 교육, 문화 및 과학",전체,강원,ko,1,0.6119,61 113,61113,0.3,저신뢰,강 원 도 117 025 61 113 5 958
학교,2006,792,2. 시ㆍ도별학교총괄,"XVII. 교육, 문화 및 과학",전체,강원,ko,2,0.7064,5 958,5958,0.5,,강 원 도 117 025 61 113 5 958
학교,2006,792,2. 시ㆍ도별학교총괄,"XVII. 교육, 문화 및 과학",전체,충북,ko,0,0.5174,122 986,122986,1.0,,충 청북도 122 986 64 579 5 507
학교,2006,792,2. 시ㆍ도별학교총괄,"XVII. 교육, 문화 및 과학",전체,충북,ko,1,0.6119,64 579,64579,0.5,,충 청북도 122 986 64 579 5 507
학교,2006,792,2. 시ㆍ도별학교총괄,"XVII. 교육, 문화 및 과학",전체,충북,ko,2,0.7064,5 507,5507,1.0,,충 청북도 122 986 64 579 5 507
학교,2006,792,2. 시ㆍ도별학교총괄,"XVII. 교육, 문화 및 과학",전체,충남,ko,0,0.5174,154 598,154598,1.0,,충청남도 154 598 80 843 7 899
학교,2006,792,2. 시ㆍ도별학교총괄,"XVII. 교육, 문화 및 과학",전체,충남,ko,1,0.6119,80 843,80843,1.0,,충청남도 154 598 80 843 7 899
학교,2006,792,2. 시ㆍ도별학교총괄,"XVII. 교육, 문화 및 과학",전체,충남,ko,2,0.7084,7 899,7899,0.5,,충청남도 154 598 80 843 7 899
학교,2006,792,2. 시ㆍ도별학교총괄,"XVII. 교육, 문화 및 과학",전체,전북,ko,0,0.5174,154 099,154099,1.0,,전라북 도 154 099 80 130 7 600
학교,2006,792,2. 시ㆍ도별학교총괄,"XVII. 교육, 문화 및 과학",전체,전북,ko,1,0.6119,80 130,80130,0.3,저신뢰,전라북 도 154 099 80 130 7 600
학교,2006,792,2. 시ㆍ도별학교총괄,"XVII. 교육, 문화 및 과학",전체,전북,ko,2,0.7064,7 600,7600,0.5,,전라북 도 154 099 80 130 7 600
학교,2006,792,2. 시ㆍ도별학교총괄,"XVII. 교육, 문화 및 과학",전체,전남,ko,0,0.5174,152 538,152538,0.5,,전라 남도 152 538 79 351 8 214
학교,2006,792,2. 시ㆍ도별학교총괄,"XVII. 교육, 문화 및 과학",전체,전남,ko,1,0.6119,79 351,79351,1.0,,전라 남도 152 538 79 351 8 214
학교,2006,792,2. 시ㆍ도별학교총괄,"XVII. 교육, 문화 및 과학",전체,전남,ko,2,0.7084,8 214,8214,1.0,,전라 남도 152 538 79 351 8 214
학교,2006,792,2. 시ㆍ도별학교총괄,"XVII. 교육, 문화 및 과학",전체,경북,ko,0,0.5174,201 415,201415,0.5,,경상북 도도도 201 415 107 426 9 859
학교,2006,792,2. 시ㆍ도별학교총괄,"XVII. 교육, 문화 및 과학",전체,경북,ko,1,0.6078,107 426,107426,1.0,,경상북 도도도 201 415 107 426 9 859
학교,2006,792,2. 시ㆍ도별학교총괄,"XVII. 교육, 문화 및 과학",전체,경북,ko,2,0.7064,9 859,9859,0.5,,경상북 도도도 201 415 107 426 9 859
학교,2007,830,2. 시ㆍ도별 학교 총괄,"ⅩⅦ. 교 육 , 문 화 및 과 학",전체,경기,ko,0,0.2444,1 068,1068,0.3,저신뢰,경 기 도 1 068 27 576 27 550 495 670 36 298 8 458 4 777
학교,2007,830,2. 시ㆍ도별 학교 총괄,"ⅩⅦ. 교 육 , 문 화 및 과 학",전체,경기,ko,1,0.3327,27 576,27576,1.0,,경 기 도 1 068 27 576 27 550 495 670 36 298 8 458 4 777
학교,2007,830,2. 시ㆍ도별 학교 총괄,"ⅩⅦ. 교 육 , 문 화 및 과 학",전체,경기,ko,2,0.425,27 550,27550,1.0,,경 기 도 1 068 27 576 27 550 495 670 36 298 8 458 4 777
학교,2007,830,2. 시ㆍ도별 학교 총괄,"ⅩⅦ. 교 육 , 문 화 및 과 학",전체,경기,ko,3,0.6037,495 670,495670,0.5,,경 기 도 1 068 27 576 27 550 495 670 36 298 8 458 4 777
학교,2007,830,2. 시ㆍ도별 학교 총괄,"ⅩⅦ. 교 육 , 문 화 및 과 학",전체,경기,ko,4,0.7002,36 298,36298,1.0,,경 기 도 1 068 27 576 27 550 495 670 36 298 8 458 4 777
학교,2007,830,2. 시ㆍ도별 학교 총괄,"ⅩⅦ. 교 육 , 문 화 및 과 학",전체,경기,ko,5,0.7988,8 458,8458,0.5,,경 기 도 1 068 27 576 27 550 495 670 36 298 8 458 4 777
학교,2007,830,2. 시ㆍ도별 학교 총괄,"ⅩⅦ. 교 육 , 문 화 및 과 학",전체,경기,ko,6,0.8891,4 777,4777,0.5,,경 기 도 1 068 27 576 27 550 495 670 36 298 8 458 4 777
학교,2007,830,2. 시ㆍ도별 학교 총괄,"ⅩⅦ. 교 육 , 문 화 및 과 학",전체,강원,ko,0,0.2567,363,363,1.0,,강 원 도 363 4 855 4 571 59 986 6 154 2 305 1 602
학교,2007,830,2. 시ㆍ도별 학교 총괄,"ⅩⅦ. 교 육 , 문 화 및 과 학",전체,강원,ko,1,0.3368,4 855,4855,0.5,,강 원 도 363 4 855 4 571 59 986 6 154 2 305 1 602
학교,2007,830,2. 시ㆍ도별 학교 총괄,"ⅩⅦ. 교 육 , 문 화 및 과 학",전체,강원,ko,2,0.4292,4 571,4571,1.0,,강 원 도 363 4 855 4 571 59 986 6 154 2 305 1 602
학교,2007,830,2. 시ㆍ도별 학교 총괄,"ⅩⅦ. 교 육 , 문 화 및 과 학",전체,강원,ko,3,0.6078,59 986,59986,1.0,,강 원 도 363 4 855 4 571 59 986 6 154 2 305 1 602
학교,2007,830,2. 시ㆍ도별 학교 총괄,"ⅩⅦ. 교 육 , 문 화 및 과 학",전체,강원,ko,4,0.7043,6 154,6154,0.5,,강 원 도 363 4 855 4 571 59 986 6 154 2 305 1 602
학교,2007,830,2. 시ㆍ도별 학교 총괄,"ⅩⅦ. 교 육 , 문 화 및 과 학",전체,강원,ko,5,0.7967,2 305,2305,1.0,,강 원 도 363 4 855 4 571 59 986 6 154 2 305 1 602
학교,2007,830,2. 시ㆍ도별 학교 총괄,"ⅩⅦ. 교 육 , 문 화 및 과 학",전체,강원,ko,6,0.8891,1 602,1602,1.0,,강 원 도 363 4 855 4 571 59 986 6 154 2 305 1 602
학교,2007,830,2. 시ㆍ도별 학교 총괄,"ⅩⅦ. 교 육 , 문 화 및 과 학",전체,충남,ko,0,0.2587,429,429,1.0,,충청남도 429 6 083 5 692 80 387 7 961 2 809 1 858
학교,2007,830,2. 시ㆍ도별 학교 총괄,"ⅩⅦ. 교 육 , 문 화 및 과 학",전체,충남,ko,1,0.3409,6 083,6083,0.5,,충청남도 429 6 083 5 692 80 387 7 961 2 809 1 858
학교,2007,830,2. 시ㆍ도별 학교 총괄,"ⅩⅦ. 교 육 , 문 화 및 과 학",전체,충남,ko,2,0.4292,5 692,5692,1.0,,충청남도 429 6 083 5 692 80 387 7 961 2 809 1 858
학교,2007,830,2. 시ㆍ도별 학교 총괄,"ⅩⅦ. 교 육 , 문 화 및 과 학",전체,충남,ko,3,0.6078,80 387,80387,0.5,,충청남도 429 6 083 5 692 80 387 7 961 2 809 1 858
학교,2007,830,2. 시ㆍ도별 학교 총괄,"ⅩⅦ. 교 육 , 문 화 및 과 학",전체,충남,ko,4,0.7064,7 961,7961,0.5,,충청남도 429 6 083 5 692 80 387 7 961 2 809 1 858
학교,2007,830,2. 시ㆍ도별 학교 총괄,"ⅩⅦ. 교 육 , 문 화 및 과 학",전체,충남,ko,5,0.7967,2 809,2809,0.3,저신뢰,충청남도 429 6 083 5 692 80 387 7 961 2 809 1 858
학교,2007,830,2. 시ㆍ도별 학교 총괄,"ⅩⅦ. 교 육 , 문 화 및 과 학",전체,충남,ko,6,0.8891,1 858,1858,0.3,저신뢰,충청남도 429 6 083 5 692 80 387 7 961 2 809 1 858
학교,2007,830,2. 시ㆍ도별 학교 총괄,"ⅩⅦ. 교 육 , 문 화 및 과 학",전체,전북,ko,0,0.2567,420,420,1.0,,전라 북 도 420 6 226 5 744 77 858 7 718 2 952 1 496
학교,2007,830,2. 시ㆍ도별 학교 총괄,"ⅩⅦ. 교 육 , 문 화 및 과 학",전체,전북,ko,1,0.3368,6 226,6226,1.0,,전라 북 도 420 6 226 5 744 77 858 7 718 2 952 1 496
학교,2007,830,2. 시ㆍ도별 학교 총괄,"ⅩⅦ. 교 육 , 문 화 및 과 학",전체,전북,ko,2,0.4292,5 744,5744,0.3,저신뢰,전라 북 도 420 6 226 5 744 77 858 7 718 2 952 1 496
학교,2007,830,2. 시ㆍ도별 학교 총괄,"ⅩⅦ. 교 육 , 문 화 및 과 학",전체,전북,ko,3,0.6099,77 858,77858,1.0,,전라 북 도 420 6 226 5 744 77 858 7 718 2 952 1 496
학교,2007,830,2. 시ㆍ도별 학교 총괄,"ⅩⅦ. 교 육 , 문 화 및 과 학",전체,전북,ko,4,0.7043,7 718,7718,0.3,저신뢰,전라 북 도 420 6 226 5 744 77 858 7 718 2 952 1 496
학교,2007,830,2. 시ㆍ도별 학교 총괄,"ⅩⅦ. 교 육 , 문 화 및 과 학",전체,전북,ko,5,0.7967,2 952,2952,0.5,,전라 북 도 420 6 226 5 744 77 858 7 718 2 952 1 496
학교,2007,830,2. 시ㆍ도별 학교 총괄,"ⅩⅦ. 교 육 , 문 화 및 과 학",전체,전북,ko,6,0.8891,1 496,1496,1.0,,전라 북 도 420 6 226 5 744 77 858 7 718 2 952 1 496
학교,2007,830,2. 시ㆍ도별 학교 총괄,"ⅩⅦ. 교 육 , 문 화 및 과 학",전체,전남,ko,0,0.2546,453,453,1.0,,전라 남 도 453 6 466 6 346 77 04 8 389 3 713 2 157
학교,2007,830,2. 시ㆍ도별 학교 총괄,"ⅩⅦ. 교 육 , 문 화 및 과 학",전체,전남,ko,1,0.3368,6 466,6466,1.0,,전라 남 도 453 6 466 6 346 77 04 8 389 3 713 2 157
학교,2007,830,2. 시ㆍ도별 학교 총괄,"ⅩⅦ. 교 육 , 문 화 및 과 학",전체,전남,ko,2,0.4292,6 346,6346,0.5,,전라 남 도 453 6 466 6 346 77 04 8 389 3 713 2 157
학교,2007,830,2. 시ㆍ도별 학교 총괄,"ⅩⅦ. 교 육 , 문 화 및 과 학",전체,전남,ko,3,0.6099,77 04,7704,0.5,,전라 남 도 453 6 466 6 346 77 04 8 389 3 713 2 157
학교,2007,830,2. 시ㆍ도별 학교 총괄,"ⅩⅦ. 교 육 , 문 화 및 과 학",전체,전남,ko,4,0.7043,8 389,8389,1.0,,전라 남 도 453 6 466 6 346 77 04 8 389 3 713 2 157
학교,2007,830,2. 시ㆍ도별 학교 총괄,"ⅩⅦ. 교 육 , 문 화 및 과 학",전체,전남,ko,5,0.7967,3 713,3713,0.3,저신뢰,전라 남 도 453 6 466 6 346 77 04 8 389 3 713 2 157
학교,2007,830,2. 시ㆍ도별 학교 총괄,"ⅩⅦ. 교 육 , 문 화 및 과 학",전체,전남,ko,6,0.8891,2 157,2157,0.5,,전라 남 도 453 6 466 6 346 77 04 8 389 3 713 2 157
학교,2008,834,2. 시ㆍ도별 학교 총괄,"ⅩⅦ. 교 육 , 문 화 및 과 학",전체,부산,ko,0,0.8131,33,33,0.3,저신뢰,부산공 33
학교,2008,834,2. 시ㆍ도별 학교 총괄,"ⅩⅦ. 교 육 , 문 화 및 과 학",전체,경북,ko,0,0.6078,16 719,16719,1.0,,경경 상북 도도 16 719 2~ 있음
학교,2008,834,2. 시ㆍ도별 학교 총괄,"ⅩⅦ. 교 육 , 문 화 및 과 학",전체,제주,ko,0,0.4415,231,231,1.0,,제주특별자치도 231 2 715
학교,2008,834,2. 시ㆍ도별 학교 총괄,"ⅩⅦ. 교 육 , 문 화 및 과 학",전체,제주,ko,1,0.6119,2 715,2715,0.5,,제주특별자치도 231 2 715
학교,2008,834,2. 시ㆍ도별 학교 총괄,"ⅩⅦ. 교 육 , 문 화 및 과 학",전체,경기,ko,0,0.3347,27 979,27979,1.0,,경 기 도 27 979 27 991 920 586 478 217 8 509 4 580
학교,2008,834,2. 시ㆍ도별 학교 총괄,"ⅩⅦ. 교 육 , 문 화 및 과 학",전체,경기,ko,1,0.425,27 991,27991,0.5,,경 기 도 27 979 27 991 920 586 478 217 8 509 4 580
학교,2008,834,2. 시ㆍ도별 학교 총괄,"ⅩⅦ. 교 육 , 문 화 및 과 학",전체,경기,ko,2,0.5092,920 586,920586,1.0,,경 기 도 27 979 27 991 920 586 478 217 8 509 4 580
학교,2008,834,2. 시ㆍ도별 학교 총괄,"ⅩⅦ. 교 육 , 문 화 및 과 학",전체,경기,ko,3,0.6016,478 217,478217,1.0,,경 기 도 27 979 27 991 920 586 478 217 8 509 4 580
학교,2008,834,2. 시ㆍ도별 학교 총괄,"ⅩⅦ. 교 육 , 문 화 및 과 학",전체,경기,ko,4,0.7966,8 509,8509,0.5,,경 기 도 27 979 27 991 920 586 478 217 8 509 4 580
학교,2008,834,2. 시ㆍ도별 학교 총괄,"ⅩⅦ. 교 육 , 문 화 및 과 학",전체,경기,ko,5,0.8891,4 580,4580,1.0,,경 기 도 27 979 27 991 920 586 478 217 8 509 4 580
학교,2008,834,2. 시ㆍ도별 학교 총괄,"ⅩⅦ. 교 육 , 문 화 및 과 학",전체,강원,ko,0,0.3368,4 674,4674,1.0,,강 원 도 4 674 4 541 110 747 57 812 2 312 1 441
학교,2008,834,2. 시ㆍ도별 학교 총괄,"ⅩⅦ. 교 육 , 문 화 및 과 학",전체,강원,ko,1,0.4292,4 541,4541,1.0,,강 원 도 4 674 4 541 110 747 57 812 2 312 1 441
학교,2008,834,2. 시ㆍ도별 학교 총괄,"ⅩⅦ. 교 육 , 문 화 및 과 학",전체,강원,ko,2,0.5092,110 747,110747,1.0,,강 원 도 4 674 4 541 110 747 57 812 2 312 1 441
학교,2008,834,2. 시ㆍ도별 학교 총괄,"ⅩⅦ. 교 육 , 문 화 및 과 학",전체,강원,ko,3,0.6078,57 812,57812,0.5,,강 원 도 4 674 4 541 110 747 57 812 2 312 1 441
학교,2008,834,2. 시ㆍ도별 학교 총괄,"ⅩⅦ. 교 육 , 문 화 및 과 학",전체,강원,ko,4,0.7967,2 312,2312,1.0,,강 원 도 4 674 4 541 110 747 57 812 2 312 1 441
학교,2008,834,2. 시ㆍ도별 학교 총괄,"ⅩⅦ. 교 육 , 문 화 및 과 학",전체,강원,ko,5,0.8871,1 441,1441,1.0,,강 원 도 4 674 4 541 110 747 57 812 2 312 1 441
학교,2008,834,2. 시ㆍ도별 학교 총괄,"ⅩⅦ. 교 육 , 문 화 및 과 학",전체,충북,ko,0,0.3387,4 216,4216,1.0,,충청북도 4 216 4 215 116 71 61 054 1 753 1 202
학교,2008,834,2. 시ㆍ도별 학교 총괄,"ⅩⅦ. 교 육 , 문 화 및 과 학",전체,충북,ko,1,0.4292,4 215,4215,0.5,,충청북도 4 216 4 215 116 71 61 054 1 753 1 202
학교,2008,834,2. 시ㆍ도별 학교 총괄,"ⅩⅦ. 교 육 , 문 화 및 과 학",전체,충북,ko,2,0.5092,116 71,11671,0.5,,충청북도 4 216 4 215 116 71 61 054 1 753 1 202
학교,2008,834,2. 시ㆍ도별 학교 총괄,"ⅩⅦ. 교 육 , 문 화 및 과 학",전체,충북,ko,3,0.6078,61 054,61054,1.0,,충청북도 4 216 4 215 116 71 61 054 1 753 1 202
학교,2008,834,2. 시ㆍ도별 학교 총괄,"ⅩⅦ. 교 육 , 문 화 및 과 학",전체,충북,ko,4,0.7967,1 753,1753,1.0,,충청북도 4 216 4 215 116 71 61 054 1 753 1 202
학교,2008,834,2. 시ㆍ도별 학교 총괄,"ⅩⅦ. 교 육 , 문 화 및 과 학",전체,충북,ko,5,0.8891,1 202,1202,0.5,,충청북도 4 216 4 215 116 71 61 054 1 753 1 202
학교,2008,834,2. 시ㆍ도별 학교 총괄,"ⅩⅦ. 교 육 , 문 화 및 과 학",전체,충남,ko,0,0.3368,5 995,5995,0.5,,충청남도 5 995 5 742 150 382 78 142 2 835 1 23
학교,2008,834,2. 시ㆍ도별 학교 총괄,"ⅩⅦ. 교 육 , 문 화 및 과 학",전체,충남,ko,1,0.4292,5 742,5742,0.5,,충청남도 5 995 5 742 150 382 78 142 2 835 1 23
학교,2008,834,2. 시ㆍ도별 학교 총괄,"ⅩⅦ. 교 육 , 문 화 및 과 학",전체,충남,ko,2,0.5092,150 382,150382,0.5,,충청남도 5 995 5 742 150 382 78 142 2 835 1 23
학교,2008,834,2. 시ㆍ도별 학교 총괄,"ⅩⅦ. 교 육 , 문 화 및 과 학",전체,충남,ko,3,0.6078,78 142,78142,1.0,,충청남도 5 995 5 742 150 382 78 142 2 835 1 23
학교,2008,834,2. 시ㆍ도별 학교 총괄,"ⅩⅦ. 교 육 , 문 화 및 과 학",전체,충남,ko,4,0.7967,2 835,2835,1.0,,충청남도 5 995 5 742 150 382 78 142 2 835 1 23
학교,2008,834,2. 시ㆍ도별 학교 총괄,"ⅩⅦ. 교 육 , 문 화 및 과 학",전체,충남,ko,5,0.8871,1 23,123,0.3,저신뢰,충청남도 5 995 5 742 150 382 78 142 2 835 1 23
학교,2008,834,2. 시ㆍ도별 학교 총괄,"ⅩⅦ. 교 육 , 문 화 및 과 학",전체,전북,ko,0,0.3368,6 119,6119,1.0,,전라 북 도 6 119 5 6?2 143 293 74 125 ? 808
학교,2008,834,2. 시ㆍ도별 학교 총괄,"ⅩⅦ. 교 육 , 문 화 및 과 학",전체,전북,ko,1,0.5092,143 293,143293,1.0,,전라 북 도 6 119 5 6?2 143 293 74 125 ? 808
학교,2008,834,2. 시ㆍ도별 학교 총괄,"ⅩⅦ. 교 육 , 문 화 및 과 학",전체,전북,ko,2,0.6078,74 125,74125,1.0,,전라 북 도 6 119 5 6?2 143 293 74 125 ? 808
학교,2008,834,2. 시ㆍ도별 학교 총괄,"ⅩⅦ. 교 육 , 문 화 및 과 학",전체,전남,ko,0,0.3388,6 371,6371,1.0,,전라남 도 6 371 6 205 141 424 73 425 3 624 2 007
학교,2008,834,2. 시ㆍ도별 학교 총괄,"ⅩⅦ. 교 육 , 문 화 및 과 학",전체,전남,ko,1,0.4292,6 205,6205,1.0,,전라남 도 6 371 6 205 141 424 73 425 3 624 2 007
학교,2008,834,2. 시ㆍ도별 학교 총괄,"ⅩⅦ. 교 육 , 문 화 및 과 학",전체,전남,ko,2,0.5092,141 424,141424,1.0,,전라남 도 6 371 6 205 141 424 73 425 3 624 2 007
학교,2008,834,2. 시ㆍ도별 학교 총괄,"ⅩⅦ. 교 육 , 문 화 및 과 학",전체,전남,ko,3,0.6078,73 425,73425,1.0,,전라남 도 6 371 6 205 141 424 73 425 3 624 2 007
학교,2008,834,2. 시ㆍ도별 학교 총괄,"ⅩⅦ. 교 육 , 문 화 및 과 학",전체,전남,ko,4,0.7967,3 624,3624,0.5,,전라남 도 6 371 6 205 141 424 73 425 3 624 2 007
학교,2008,834,2. 시ㆍ도별 학교 총괄,"ⅩⅦ. 교 육 , 문 화 및 과 학",전체,전남,ko,5,0.8871,2 007,2007,0.5,,전라남 도 6 371 6 205 141 424 73 425 3 624 2 007
학교,2008,834,2. 시ㆍ도별 학교 총괄,"ⅩⅦ. 교 육 , 문 화 및 과 학",전체,경북,ko,0,0.3388,7 273,7273,1.0,,경상북도 7 273 7 296 187 309 99 012 4 153
학교,2008,834,2. 시ㆍ도별 학교 총괄,"ⅩⅦ. 교 육 , 문 화 및 과 학",전체,경북,ko,1,0.4292,7 296,7296,1.0,,경상북도 7 273 7 296 187 309 99 012 4 153
학교,2008,834,2. 시ㆍ도별 학교 총괄,"ⅩⅦ. 교 육 , 문 화 및 과 학",전체,경북,ko,2,0.5092,187 309,187309,1.0,,경상북도 7 273 7 296 187 309 99 012 4 153
학교,2008,834,2. 시ㆍ도별 학교 총괄,"ⅩⅦ. 교 육 , 문 화 및 과 학",전체,경북,ko,3,0.6078,99 012,99012,1.0,,경상북도 7 273 7 296 187 309 99 012 4 153
학교,2008,834,2. 시ㆍ도별 학교 총괄,"ⅩⅦ. 교 육 , 문 화 및 과 학",전체,경북,ko,4,0.7967,4 153,4153,1.0,,경상북도 7 273 7 296 187 309 99 012 4 153
학교,2008,834,2. 시ㆍ도별 학교 총괄,"ⅩⅦ. 교 육 , 문 화 및 과 학",전체,경남,ko,0,0.3368,9 273,9273,1.0,,경상남도 9 273 9 025 254 368 134 338 3 534
학교,2008,834,2. 시ㆍ도별 학교 총괄,"ⅩⅦ. 교 육 , 문 화 및 과 학",전체,경남,ko,1,0.4292,9 025,9025,1.0,,경상남도 9 273 9 025 254 368 134 338 3 534
학교,2008,834,2. 시ㆍ도별 학교 총괄,"ⅩⅦ. 교 육 , 문 화 및 과 학",전체,경남,ko,2,0.5113,254 368,254368,1.0,,경상남도 9 273 9 025 254 368 134 338 3 534
학교,2008,834,2. 시ㆍ도별 학교 총괄,"ⅩⅦ. 교 육 , 문 화 및 과 학",전체,경남,ko,3,0.6016,134 338,134338,1.0,,경상남도 9 273 9 025 254 368 134 338 3 534
학교,2008,834,2. 시ㆍ도별 학교 총괄,"ⅩⅦ. 교 육 , 문 화 및 과 학",전체,경남,ko,4,0.7967,3 534,3534,0.5,,경상남도 9 273 9 025 254 368 134 338 3 534
학교,2008,834,2. 시ㆍ도별 학교 총괄,"ⅩⅦ. 교 육 , 문 화 및 과 학",전체,제주,ko,0,0.3388,1 695,1695,0.5,,제주특별자치도 1 695 1 693 48 291 25 247 658
학교,2008,834,2. 시ㆍ도별 학교 총괄,"ⅩⅦ. 교 육 , 문 화 및 과 학",전체,제주,ko,1,0.4292,1 693,1693,0.5,,제주특별자치도 1 695 1 693 48 291 25 247 658
학교,2008,834,2. 시ㆍ도별 학교 총괄,"ⅩⅦ. 교 육 , 문 화 및 과 학",전체,제주,ko,2,0.5174,48 291,48291,0.5,,제주특별자치도 1 695 1 693 48 291 25 247 658
학교,2008,834,2. 시ㆍ도별 학교 총괄,"ⅩⅦ. 교 육 , 문 화 및 과 학",전체,제주,ko,3,0.6078,25 247,25247,1.0,,제주특별자치도 1 695 1 693 48 291 25 247 658
학교,2008,834,2. 시ㆍ도별 학교 총괄,"ⅩⅦ. 교 육 , 문 화 및 과 학",전체,제주,ko,4,0.809,658,658,1.0,,제주특별자치도 1 695 1 693 48 291 25 247 658
학교,2009,870,2. 시ㆍ도별 학교 총괄,"ⅩⅦ. 교 육 , 문 화 및 과 학",전체,경기,ko,0,0.3347,28 267,28267,1.0,,경 기 도 28 267 880 141 456 703 38 954 4 573
학교,2009,870,2. 시ㆍ도별 학교 총괄,"ⅩⅦ. 교 육 , 문 화 및 과 학",전체,경기,ko,1,0.5092,880 141,880141,0.5,,경 기 도 28 267 880 141 456 703 38 954 4 573
학교,2009,870,2. 시ㆍ도별 학교 총괄,"ⅩⅦ. 교 육 , 문 화 및 과 학",전체,경기,ko,2,0.5996,456 703,456703,1.0,,경 기 도 28 267 880 141 456 703 38 954 4 573
학교,2009,870,2. 시ㆍ도별 학교 총괄,"ⅩⅦ. 교 육 , 문 화 및 과 학",전체,경기,ko,3,0.7002,38 954,38954,1.0,,경 기 도 28 267 880 141 456 703 38 954 4 573
학교,2009,870,2. 시ㆍ도별 학교 총괄,"ⅩⅦ. 교 육 , 문 화 및 과 학",전체,경기,ko,4,0.8891,4 573,4573,0.5,,경 기 도 28 267 880 141 456 703 38 954 4 573
학교,2009,870,2. 시ㆍ도별 학교 총괄,"ⅩⅦ. 교 육 , 문 화 및 과 학",전체,강원,ko,0,0.3388,4 617,4617,0.5,,강 원 도 4 617 105 480 55 001 6 492 1 437
학교,2009,870,2. 시ㆍ도별 학교 총괄,"ⅩⅦ. 교 육 , 문 화 및 과 학",전체,강원,ko,1,0.5092,105 480,105480,0.3,저신뢰,강 원 도 4 617 105 480 55 001 6 492 1 437
학교,2009,870,2. 시ㆍ도별 학교 총괄,"ⅩⅦ. 교 육 , 문 화 및 과 학",전체,강원,ko,2,0.6078,55 001,55001,0.5,,강 원 도 4 617 105 480 55 001 6 492 1 437
학교,2009,870,2. 시ㆍ도별 학교 총괄,"ⅩⅦ. 교 육 , 문 화 및 과 학",전체,강원,ko,3,0.7043,6 492,6492,1.0,,강 원 도 4 617 105 480 55 001 6 492 1 437
학교,2009,870,2. 시ㆍ도별 학교 총괄,"ⅩⅦ. 교 육 , 문 화 및 과 학",전체,강원,ko,4,0.8891,1 437,1437,0.5,,강 원 도 4 617 105 480 55 001 6 492 1 437
학교,2009,870,2. 시ㆍ도별 학교 총괄,"ⅩⅦ. 교 육 , 문 화 및 과 학",전체,충북,ko,0,0.3388,4 238,4238,0.5,,충청북도 4 238 110 757 57 778 5 943 1 239
학교,2009,870,2. 시ㆍ도별 학교 총괄,"ⅩⅦ. 교 육 , 문 화 및 과 학",전체,충북,ko,1,0.5092,110 757,110757,0.5,,충청북도 4 238 110 757 57 778 5 943 1 239
학교,2009,870,2. 시ㆍ도별 학교 총괄,"ⅩⅦ. 교 육 , 문 화 및 과 학",전체,충북,ko,2,0.6078,57 778,57778,0.3,저신뢰,충청북도 4 238 110 757 57 778 5 943 1 239
학교,2009,870,2. 시ㆍ도별 학교 총괄,"ⅩⅦ. 교 육 , 문 화 및 과 학",전체,충북,ko,3,0.7043,5 943,5943,1.0,,충청북도 4 238 110 757 57 778 5 943 1 239
학교,2009,870,2. 시ㆍ도별 학교 총괄,"ⅩⅦ. 교 육 , 문 화 및 과 학",전체,충북,ko,4,0.8891,1 239,1239,0.5,,충청북도 4 238 110 757 57 778 5 943 1 239
학교,2009,870,2. 시ㆍ도별 학교 총괄,"ⅩⅦ. 교 육 , 문 화 및 과 학",전체,충남,ko,0,0.3409,6 078,6078,0.5,,충청남도 6 078 143 961 74 977 2 807 1 76
학교,2009,870,2. 시ㆍ도별 학교 총괄,"ⅩⅦ. 교 육 , 문 화 및 과 학",전체,충남,ko,1,0.5092,143 961,143961,1.0,,충청남도 6 078 143 961 74 977 2 807 1 76
학교,2009,870,2. 시ㆍ도별 학교 총괄,"ⅩⅦ. 교 육 , 문 화 및 과 학",전체,충남,ko,2,0.6078,74 977,74977,0.5,,충청남도 6 078 143 961 74 977 2 807 1 76
학교,2009,870,2. 시ㆍ도별 학교 총괄,"ⅩⅦ. 교 육 , 문 화 및 과 학",전체,충남,ko,3,0.7967,2 807,2807,0.5,,충청남도 6 078 143 961 74 977 2 807 1 76
학교,2009,870,2. 시ㆍ도별 학교 총괄,"ⅩⅦ. 교 육 , 문 화 및 과 학",전체,충남,ko,4,0.8891,1 76,176,0.5,,충청남도 6 078 143 961 74 977 2 807 1 76
학교,2009,870,2. 시ㆍ도별 학교 총괄,"ⅩⅦ. 교 육 , 문 화 및 과 학",전체,전북,ko,0,0.3409,6 043,6043,1.0,,전라 북 도 6 043 135 336 70 338 ? 635 1 410
학교,2009,870,2. 시ㆍ도별 학교 총괄,"ⅩⅦ. 교 육 , 문 화 및 과 학",전체,전북,ko,1,0.5092,135 336,135336,0.5,,전라 북 도 6 043 135 336 70 338 ? 635 1 410
학교,2009,870,2. 시ㆍ도별 학교 총괄,"ⅩⅦ. 교 육 , 문 화 및 과 학",전체,전북,ko,2,0.6078,70 338,70338,1.0,,전라 북 도 6 043 135 336 70 338 ? 635 1 410
학교,2009,870,2. 시ㆍ도별 학교 총괄,"ⅩⅦ. 교 육 , 문 화 및 과 학",전체,전북,ko,3,0.8891,1 410,1410,1.0,,전라 북 도 6 043 135 336 70 338 ? 635 1 410
학교,2009,870,2. 시ㆍ도별 학교 총괄,"ⅩⅦ. 교 육 , 문 화 및 과 학",전체,전남,ko,0,0.3388,6 174,6174,0.5,,전라남 도 6 174 132 503 68 994 3 546\ 1 990
학교,2009,870,2. 시ㆍ도별 학교 총괄,"ⅩⅦ. 교 육 , 문 화 및 과 학",전체,전남,ko,1,0.5092,132 503,132503,1.0,,전라남 도 6 174 132 503 68 994 3 546\ 1 990
학교,2009,870,2. 시ㆍ도별 학교 총괄,"ⅩⅦ. 교 육 , 문 화 및 과 학",전체,전남,ko,2,0.6078,68 994,68994,0.5,,전라남 도 6 174 132 503 68 994 3 546\ 1 990
학교,2009,870,2. 시ㆍ도별 학교 총괄,"ⅩⅦ. 교 육 , 문 화 및 과 학",전체,전남,ko,3,0.8891,1 990,1990,1.0,,전라남 도 6 174 132 503 68 994 3 546\ 1 990
학교,2009,870,2. 시ㆍ도별 학교 총괄,"ⅩⅦ. 교 육 , 문 화 및 과 학",전체,경북,ko,0,0.2567,496,496,1.0,,경상북도 496 7 203 175 577 92 692 43
학교,2009,870,2. 시ㆍ도별 학교 총괄,"ⅩⅦ. 교 육 , 문 화 및 과 학",전체,경북,ko,1,0.3409,7 203,7203,1.0,,경상북도 496 7 203 175 577 92 692 43
학교,2009,870,2. 시ㆍ도별 학교 총괄,"ⅩⅦ. 교 육 , 문 화 및 과 학",전체,경북,ko,2,0.5113,175 577,175577,1.0,,경상북도 496 7 203 175 577 92 692 43
학교,2009,870,2. 시ㆍ도별 학교 총괄,"ⅩⅦ. 교 육 , 문 화 및 과 학",전체,경북,ko,3,0.6078,92 692,92692,0.5,,경상북도 496 7 203 175 577 92 692 43
학교,2009,870,2. 시ㆍ도별 학교 총괄,"ⅩⅦ. 교 육 , 문 화 및 과 학",전체,경북,ko,4,0.7988,43,43,1.0,,경상북도 496 7 203 175 577 92 692 43
학교,2009,870,2. 시ㆍ도별 학교 총괄,"ⅩⅦ. 교 육 , 문 화 및 과 학",전체,경남,ko,0,0.2587,495,495,1.0,,경상남도 495 9 042 240 129 126 360
학교,2009,870,2. 시ㆍ도별 학교 총괄,"ⅩⅦ. 교 육 , 문 화 및 과 학",전체,경남,ko,1,0.3368,9 042,9042,0.5,,경상남도 495 9 042 240 129 126 360
학교,2009,870,2. 시ㆍ도별 학교 총괄,"ⅩⅦ. 교 육 , 문 화 및 과 학",전체,경남,ko,2,0.5113,240 129,240129,1.0,,경상남도 495 9 042 240 129 126 360
학교,2009,870,2. 시ㆍ도별 학교 총괄,"ⅩⅦ. 교 육 , 문 화 및 과 학",전체,경남,ko,3,0.6037,126 360,126360,0.5,,경상남도 495 9 042 240 129 126 360
학교,2009,870,2. 시ㆍ도별 학교 총괄,"ⅩⅦ. 교 육 , 문 화 및 과 학",전체,제주,ko,0,0.2587,106,106,1.0,,제주특별자치도 106 1 686 46 028 24 131
학교,2009,870,2. 시ㆍ도별 학교 총괄,"ⅩⅦ. 교 육 , 문 화 및 과 학",전체,제주,ko,1,0.3388,1 686,1686,0.5,,제주특별자치도 106 1 686 46 028 24 131
학교,2009,870,2. 시ㆍ도별 학교 총괄,"ⅩⅦ. 교 육 , 문 화 및 과 학",전체,제주,ko,2,0.5154,46 028,46028,0.5,,제주특별자치도 106 1 686 46 028 24 131
학교,2009,870,2. 시ㆍ도별 학교 총괄,"ⅩⅦ. 교 육 , 문 화 및 과 학",전체,제주,ko,3,0.6119,24 131,24131,0.5,,제주특별자치도 106 1 686 46 028 24 131
학교,2010,886,2. 시·도별 학교 총괄,"ⅩⅦ. 교육, 문화 및 과학",전체,경북,ko,0,0.2567,693,693,1.0,,경경 상북 도 693 1 643 31 263 16 422 22 43m
학교,2010,886,2. 시·도별 학교 총괄,"ⅩⅦ. 교육, 문화 및 과학",전체,경북,ko,1,0.3368,1 643,1643,1.0,,경경 상북 도 693 1 643 31 263 16 422 22 43m
학교,2010,886,2. 시·도별 학교 총괄,"ⅩⅦ. 교육, 문화 및 과학",전체,경북,ko,2,0.5154,31 263,31263,1.0,,경경 상북 도 693 1 643 31 263 16 422 22 43m
학교,2010,886,2. 시·도별 학교 총괄,"ⅩⅦ. 교육, 문화 및 과학",전체,경북,ko,3,0.6078,16 422,16422,1.0,,경경 상북 도 693 1 643 31 263 16 422 22 43m
학교,2010,886,2. 시·도별 학교 총괄,"ⅩⅦ. 교육, 문화 및 과학",전체,경북,ko,4,0.7043,22,22,0.3,저신뢰,경경 상북 도 693 1 643 31 263 16 422 22 43m
학교,2010,886,2. 시·도별 학교 총괄,"ⅩⅦ. 교육, 문화 및 과학",전체,제주,ko,0,0.2567,109,109,1.0,,제주특별자치도 109 248 4 743 2 492
학교,2010,886,2. 시·도별 학교 총괄,"ⅩⅦ. 교육, 문화 및 과학",전체,제주,ko,1,0.3491,248,248,1.0,,제주특별자치도 109 248 4 743 2 492
학교,2010,886,2. 시·도별 학교 총괄,"ⅩⅦ. 교육, 문화 및 과학",전체,제주,ko,2,0.5195,4 743,4743,0.5,,제주특별자치도 109 248 4 743 2 492
학교,2010,886,2. 시·도별 학교 총괄,"ⅩⅦ. 교육, 문화 및 과학",전체,제주,ko,3,0.6099,2 492,2492,0.5,,제주특별자치도 109 248 4 743 2 492
학교,2010,886,2. 시·도별 학교 총괄,"ⅩⅦ. 교육, 문화 및 과학",전체,경기,ko,0,0.3347,29 267,29267,0.5,,경 기 도 29 267 28 722 848 135 440 793 40 449 8 895 4 779
학교,2010,886,2. 시·도별 학교 총괄,"ⅩⅦ. 교육, 문화 및 과학",전체,경기,ko,1,0.425,28 722,28722,0.5,,경 기 도 29 267 28 722 848 135 440 793 40 449 8 895 4 779
학교,2010,886,2. 시·도별 학교 총괄,"ⅩⅦ. 교육, 문화 및 과학",전체,경기,ko,2,0.5092,848 135,848135,1.0,,경 기 도 29 267 28 722 848 135 440 793 40 449 8 895 4 779
학교,2010,886,2. 시·도별 학교 총괄,"ⅩⅦ. 교육, 문화 및 과학",전체,경기,ko,3,0.6016,440 793,440793,1.0,,경 기 도 29 267 28 722 848 135 440 793 40 449 8 895 4 779
학교,2010,886,2. 시·도별 학교 총괄,"ⅩⅦ. 교육, 문화 및 과학",전체,경기,ko,4,0.7002,40 449,40449,1.0,,경 기 도 29 267 28 722 848 135 440 793 40 449 8 895 4 779
학교,2010,886,2. 시·도별 학교 총괄,"ⅩⅦ. 교육, 문화 및 과학",전체,경기,ko,5,0.7967,8 895,8895,0.3,저신뢰,경 기 도 29 267 28 722 848 135 440 793 40 449 8 895 4 779
학교,2010,886,2. 시·도별 학교 총괄,"ⅩⅦ. 교육, 문화 및 과학",전체,경기,ko,6,0.8891,4 779,4779,0.5,,경 기 도 29 267 28 722 848 135 440 793 40 449 8 895 4 779
학교,2010,886,2. 시·도별 학교 총괄,"ⅩⅦ. 교육, 문화 및 과학",전체,강원,ko,0,0.3388,4 611,4611,1.0,,강 원 도 4 611 4 445 797 52 174 6 528 2 320 1 425
학교,2010,886,2. 시·도별 학교 총괄,"ⅩⅦ. 교육, 문화 및 과학",전체,강원,ko,1,0.4292,4 445,4445,1.0,,강 원 도 4 611 4 445 797 52 174 6 528 2 320 1 425
학교,2010,886,2. 시·도별 학교 총괄,"ⅩⅦ. 교육, 문화 및 과학",전체,강원,ko,2,0.5318,797,797,1.0,,강 원 도 4 611 4 445 797 52 174 6 528 2 320 1 425
학교,2010,886,2. 시·도별 학교 총괄,"ⅩⅦ. 교육, 문화 및 과학",전체,강원,ko,3,0.6078,52 174,52174,1.0,,강 원 도 4 611 4 445 797 52 174 6 528 2 320 1 425
학교,2010,886,2. 시·도별 학교 총괄,"ⅩⅦ. 교육, 문화 및 과학",전체,강원,ko,4,0.7043,6 528,6528,1.0,,강 원 도 4 611 4 445 797 52 174 6 528 2 320 1 425
학교,2010,886,2. 시·도별 학교 총괄,"ⅩⅦ. 교육, 문화 및 과학",전체,강원,ko,5,0.7967,2 320,2320,0.5,,강 원 도 4 611 4 445 797 52 174 6 528 2 320 1 425
학교,2010,886,2. 시·도별 학교 총괄,"ⅩⅦ. 교육, 문화 및 과학",전체,강원,ko,6,0.8891,1 425,1425,0.5,,강 원 도 4 611 4 445 797 52 174 6 528 2 320 1 425
학교,2010,886,2. 시·도별 학교 총괄,"ⅩⅦ. 교육, 문화 및 과학",전체,충북,ko,0,0.3388,4 324,4324,0.5,,충청북도 4 324 4 115 105 026 54 914 5 920 1 676 1 240)
학교,2010,886,2. 시·도별 학교 총괄,"ⅩⅦ. 교육, 문화 및 과학",전체,충북,ko,1,0.429,4 115,4115,0.5,,충청북도 4 324 4 115 105 026 54 914 5 920 1 676 1 240)
학교,2010,886,2. 시·도별 학교 총괄,"ⅩⅦ. 교육, 문화 및 과학",전체,충북,ko,2,0.5092,105 026,105026,1.0,,충청북도 4 324 4 115 105 026 54 914 5 920 1 676 1 240)
학교,2010,886,2. 시·도별 학교 총괄,"ⅩⅦ. 교육, 문화 및 과학",전체,충북,ko,3,0.6078,54 914,54914,0.5,,충청북도 4 324 4 115 105 026 54 914 5 920 1 676 1 240)
학교,2010,886,2. 시·도별 학교 총괄,"ⅩⅦ. 교육, 문화 및 과학",전체,충북,ko,4,0.7043,5 920,5920,1.0,,충청북도 4 324 4 115 105 026 54 914 5 920 1 676 1 240)
학교,2010,886,2. 시·도별 학교 총괄,"ⅩⅦ. 교육, 문화 및 과학",전체,충북,ko,5,0.7967,1 676,1676,1.0,,충청북도 4 324 4 115 105 026 54 914 5 920 1 676 1 240)
학교,2010,886,2. 시·도별 학교 총괄,"ⅩⅦ. 교육, 문화 및 과학",전체,충북,ko,6,0.8891,1 240),1240,0.3,저신뢰,충청북도 4 324 4 115 105 026 54 914 5 920 1 676 1 240)
학교,2010,886,2. 시·도별 학교 총괄,"ⅩⅦ. 교육, 문화 및 과학",전체,충남,ko,0,0.3388,5 987,5987,0.5,,충청남도 5 987 5 808 72 137 87 2 781 1 76
학교,2010,886,2. 시·도별 학교 총괄,"ⅩⅦ. 교육, 문화 및 과학",전체,충남,ko,1,0.4292,5 808,5808,1.0,,충청남도 5 987 5 808 72 137 87 2 781 1 76
학교,2010,886,2. 시·도별 학교 총괄,"ⅩⅦ. 교육, 문화 및 과학",전체,충남,ko,2,0.6099,72 137,72137,0.5,,충청남도 5 987 5 808 72 137 87 2 781 1 76
학교,2010,886,2. 시·도별 학교 총괄,"ⅩⅦ. 교육, 문화 및 과학",전체,충남,ko,3,0.7064,87,87,1.0,,충청남도 5 987 5 808 72 137 87 2 781 1 76
학교,2010,886,2. 시·도별 학교 총괄,"ⅩⅦ. 교육, 문화 및 과학",전체,충남,ko,4,0.7967,2 781,2781,0.5,,충청남도 5 987 5 808 72 137 87 2 781 1 76
학교,2010,886,2. 시·도별 학교 총괄,"ⅩⅦ. 교육, 문화 및 과학",전체,충남,ko,5,0.8891,1 76,176,0.5,,충청남도 5 987 5 808 72 137 87 2 781 1 76
학교,2010,886,2. 시·도별 학교 총괄,"ⅩⅦ. 교육, 문화 및 과학",전체,전북,ko,0,0.3368,5 891,5891,0.5,,전라 북 도 5 891 5 487 65 800 2 618 1 372
학교,2010,886,2. 시·도별 학교 총괄,"ⅩⅦ. 교육, 문화 및 과학",전체,전북,ko,1,0.4271,5 487,5487,1.0,,전라 북 도 5 891 5 487 65 800 2 618 1 372
학교,2010,886,2. 시·도별 학교 총괄,"ⅩⅦ. 교육, 문화 및 과학",전체,전북,ko,2,0.6099,65 800,65800,1.0,,전라 북 도 5 891 5 487 65 800 2 618 1 372
학교,2010,886,2. 시·도별 학교 총괄,"ⅩⅦ. 교육, 문화 및 과학",전체,전북,ko,3,0.7967,2 618,2618,1.0,,전라 북 도 5 891 5 487 65 800 2 618 1 372
학교,2010,886,2. 시·도별 학교 총괄,"ⅩⅦ. 교육, 문화 및 과학",전체,전북,ko,4,0.8891,1 372,1372,1.0,,전라 북 도 5 891 5 487 65 800 2 618 1 372
학교,2010,886,2. 시·도별 학교 총괄,"ⅩⅦ. 교육, 문화 및 과학",전체,전남,ko,0,0.3388,6 099,6099,1.0,,전라남 도 6 099 5 748\ 64 546 ㆀ 3 402 1 979
학교,2010,886,2. 시·도별 학교 총괄,"ⅩⅦ. 교육, 문화 및 과학",전체,전남,ko,1,0.6078,64 546,64546,0.5,,전라남 도 6 099 5 748\ 64 546 ㆀ 3 402 1 979
학교,2010,886,2. 시·도별 학교 총괄,"ⅩⅦ. 교육, 문화 및 과학",전체,전남,ko,2,0.7967,3 402,3402,0.3,저신뢰,전라남 도 6 099 5 748\ 64 546 ㆀ 3 402 1 979
학교,2010,886,2. 시·도별 학교 총괄,"ⅩⅦ. 교육, 문화 및 과학",전체,전남,ko,3,0.8912,1 979,1979,1.0,,전라남 도 6 099 5 748\ 64 546 ㆀ 3 402 1 979
학교,2010,886,2. 시·도별 학교 총괄,"ⅩⅦ. 교육, 문화 및 과학",전체,경북,ko,0,0.4292,7 057,7057,0.3,저신뢰,경상북도 ㄱ1ㄲ7 7 057 164 230 86 863 4 095 ~
학교,2010,886,2. 시·도별 학교 총괄,"ⅩⅦ. 교육, 문화 및 과학",전체,경북,ko,1,0.5092,164 230,164230,1.0,,경상북도 ㄱ1ㄲ7 7 057 164 230 86 863 4 095 ~
학교,2010,886,2. 시·도별 학교 총괄,"ⅩⅦ. 교육, 문화 및 과학",전체,경북,ko,2,0.6078,86 863,86863,1.0,,경상북도 ㄱ1ㄲ7 7 057 164 230 86 863 4 095 ~
학교,2010,886,2. 시·도별 학교 총괄,"ⅩⅦ. 교육, 문화 및 과학",전체,경북,ko,3,0.7967,4 095,4095,1.0,,경상북도 ㄱ1ㄲ7 7 057 164 230 86 863 4 095 ~
학교,2010,886,2. 시·도별 학교 총괄,"ⅩⅦ. 교육, 문화 및 과학",전체,경남,ko,0,0.3368,9 081,9081,1.0,,경상남도 9 081 8 850 227 813 120 139 3 482
학교,2010,886,2. 시·도별 학교 총괄,"ⅩⅦ. 교육, 문화 및 과학",전체,경남,ko,1,0.4292,8 850,8850,0.5,,경상남도 9 081 8 850 227 813 120 139 3 482
학교,2010,886,2. 시·도별 학교 총괄,"ⅩⅦ. 교육, 문화 및 과학",전체,경남,ko,2,0.5092,227 813,227813,1.0,,경상남도 9 081 8 850 227 813 120 139 3 482
학교,2010,886,2. 시·도별 학교 총괄,"ⅩⅦ. 교육, 문화 및 과학",전체,경남,ko,3,0.6016,120 139,120139,1.0,,경상남도 9 081 8 850 227 813 120 139 3 482
학교,2010,886,2. 시·도별 학교 총괄,"ⅩⅦ. 교육, 문화 및 과학",전체,경남,ko,4,0.7967,3 482,3482,1.0,,경상남도 9 081 8 850 227 813 120 139 3 482
학교,2010,886,2. 시·도별 학교 총괄,"ⅩⅦ. 교육, 문화 및 과학",전체,제주,ko,0,0.3388,1 690,1690,0.3,저신뢰,제주특별자치도 1 690 1 674 44 035 23 055 630
학교,2010,886,2. 시·도별 학교 총괄,"ⅩⅦ. 교육, 문화 및 과학",전체,제주,ko,1,0.4292,1 674,1674,0.5,,제주특별자치도 1 690 1 674 44 035 23 055 630
학교,2010,886,2. 시·도별 학교 총괄,"ⅩⅦ. 교육, 문화 및 과학",전체,제주,ko,2,0.5154,44 035,44035,1.0,,제주특별자치도 1 690 1 674 44 035 23 055 630
학교,2010,886,2. 시·도별 학교 총괄,"ⅩⅦ. 교육, 문화 및 과학",전체,제주,ko,3,0.6078,23 055,23055,0.5,,제주특별자치도 1 690 1 674 44 035 23 055 630
학교,2010,886,2. 시·도별 학교 총괄,"ⅩⅦ. 교육, 문화 및 과학",전체,제주,ko,4,0.809,630,630,1.0,,제주특별자치도 1 690 1 674 44 035 23 055 630
학교,2011,892,2. 시ㆍ도별 학교총괄,"ⅩⅦ. 교육, 문화 및 과학",전체,울산,ko,0,0.3499,3 649,3649,1.0,,서부대 울산구 특광광 별역역 시시시 3 649 81 237
학교,2011,892,2. 시ㆍ도별 학교총괄,"ⅩⅦ. 교육, 문화 및 과학",전체,울산,ko,1,0.5229,81 237,81237,0.5,,서부대 울산구 특광광 별역역 시시시 3 649 81 237
학교,2011,892,2. 시ㆍ도별 학교총괄,"ⅩⅦ. 교육, 문화 및 과학",전체,인천,ko,0,0.2684,232,232,1.0,,인천광역시 232
학교,2011,892,2. 시ㆍ도별 학교총괄,"ⅩⅦ. 교육, 문화 및 과학",전체,광주,ko,0,0.2704,147,147,1.0,,광주광역시 147 624
학교,2011,892,2. 시ㆍ도별 학교총괄,"ⅩⅦ. 교육, 문화 및 과학",전체,광주,ko,1,0.8907,624,624,1.0,,광주광역시 147 624
학교,2011,892,2. 시ㆍ도별 학교총괄,"ⅩⅦ. 교육, 문화 및 과학",전체,대전,ko,0,0.2684,141,141,1.0,,대전 광역시 141 897 598
학교,2011,892,2. 시ㆍ도별 학교총괄,"ⅩⅦ. 교육, 문화 및 과학",전체,대전,ko,1,0.8032,897,897,1.0,,대전 광역시 141 897 598
학교,2011,892,2. 시ㆍ도별 학교총괄,"ⅩⅦ. 교육, 문화 및 과학",전체,대전,ko,2,0.8926,598,598,1.0,,대전 광역시 141 897 598
학교,2011,892,2. 시ㆍ도별 학교총괄,"ⅩⅦ. 교육, 문화 및 과학",전체,울산,ko,0,0.2684,119,119,1.0,,울 산 광역시 119 537
학교,2011,892,2. 시ㆍ도별 학교총괄,"ⅩⅦ. 교육, 문화 및 과학",전체,울산,ko,1,0.8907,537,537,1.0,,울 산 광역시 119 537
학교,2011,892,2. 시ㆍ도별 학교총괄,"ⅩⅦ. 교육, 문화 및 과학",전체,경기,ko,0,0.2585,1 159,1159,0.5,,경 기 도 1 159 814 927
학교,2011,892,2. 시ㆍ도별 학교총괄,"ⅩⅦ. 교육, 문화 및 과학",전체,경기,ko,1,0.5149,814 927,814927,1.0,,경 기 도 1 159 814 927
학교,2011,892,2. 시ㆍ도별 학교총괄,"ⅩⅦ. 교육, 문화 및 과학",전체,강원,ko,0,0.2684,353,353,1.0,,강 원 도 353 94 442
학교,2011,892,2. 시ㆍ도별 학교총괄,"ⅩⅦ. 교육, 문화 및 과학",전체,강원,ko,1,0.5189,94 442,94442,1.0,,강 원 도 353 94 442
학교,2011,892,2. 시ㆍ도별 학교총괄,"ⅩⅦ. 교육, 문화 및 과학",전체,경북,ko,0,0.2684,491,491,1.0,,경상북도 491 155 146 82 092
학교,2011,892,2. 시ㆍ도별 학교총괄,"ⅩⅦ. 교육, 문화 및 과학",전체,경북,ko,1,0.5149,155 146,155146,1.0,,경상북도 491 155 146 82 092
학교,2011,892,2. 시ㆍ도별 학교총괄,"ⅩⅦ. 교육, 문화 및 과학",전체,경북,ko,2,0.6064,82 092,82092,0.5,,경상북도 491 155 146 82 092
학교,2011,892,2. 시ㆍ도별 학교총괄,"ⅩⅦ. 교육, 문화 및 과학",전체,경남,ko,0,0.2684,495,495,1.0,,경상 남도 495 215 383 113 804
학교,2011,892,2. 시ㆍ도별 학교총괄,"ⅩⅦ. 교육, 문화 및 과학",전체,경남,ko,1,0.5129,215 383,215383,1.0,,경상 남도 495 215 383 113 804
학교,2011,892,2. 시ㆍ도별 학교총괄,"ⅩⅦ. 교육, 문화 및 과학",전체,경남,ko,2,0.6024,113 804,113804,1.0,,경상 남도 495 215 383 113 804
학교,2011,892,2. 시ㆍ도별 학교총괄,"ⅩⅦ. 교육, 문화 및 과학",전체,제주,ko,0,0.2684,108,108,1.0,,제주특별자치도 108 42 143 22 169 418
학교,2011,892,2. 시ㆍ도별 학교총괄,"ⅩⅦ. 교육, 문화 및 과학",전체,제주,ko,1,0.5189,42 143,42143,0.5,,제주특별자치도 108 42 143 22 169 418
학교,2011,892,2. 시ㆍ도별 학교총괄,"ⅩⅦ. 교육, 문화 및 과학",전체,제주,ko,2,0.6064,22 169,22169,0.5,,제주특별자치도 108 42 143 22 169 418
학교,2011,892,2. 시ㆍ도별 학교총괄,"ⅩⅦ. 교육, 문화 및 과학",전체,제주,ko,3,0.8907,418,418,1.0,,제주특별자치도 108 42 143 22 169 418
학교,2012,896,2. 시·도별 학교 총괄,"ⅩⅦ. 교육, 문화 및 과학",전체,대구,ko,0,0.518,31 657,31657,1.0,,대 구 31 657 62 382
학교,2012,896,2. 시·도별 학교 총괄,"ⅩⅦ. 교육, 문화 및 과학",전체,대구,ko,1,0.808,62,62,1.0,,대 구 31 657 62 382
학교,2012,896,2. 시·도별 학교 총괄,"ⅩⅦ. 교육, 문화 및 과학",전체,대구,ko,2,0.892,382,382,1.0,,대 구 31 657 62 382
학교,2012,896,2. 시·도별 학교 총괄,"ⅩⅦ. 교육, 문화 및 과학",전체,인천,ko,0,0.518,38 162,38162,1.0,,인천광역 시시시시 38 162 225기
학교,2012,896,2. 시·도별 학교 총괄,"ⅩⅦ. 교육, 문화 및 과학",전체,광주,ko,0,0.354,944,944,1.0,,광주광역 944 20 445
학교,2012,896,2. 시·도별 학교 총괄,"ⅩⅦ. 교육, 문화 및 과학",전체,광주,ko,1,0.518,20 445,20445,1.0,,광주광역 944 20 445
학교,2012,896,2. 시·도별 학교 총괄,"ⅩⅦ. 교육, 문화 및 과학",전체,대전,ko,0,0.518,23 179,23179,1.0,,대 전 역역 23 179 214
학교,2012,896,2. 시·도별 학교 총괄,"ⅩⅦ. 교육, 문화 및 과학",전체,대전,ko,1,0.892,214,214,0.5,,대 전 역역 23 179 214
학교,2012,896,2. 시·도별 학교 총괄,"ⅩⅦ. 교육, 문화 및 과학",전체,울산,ko,0,0.518,17 649,17649,1.0,,울 산 17 649 185
학교,2012,896,2. 시·도별 학교 총괄,"ⅩⅦ. 교육, 문화 및 과학",전체,울산,ko,1,0.892,185,185,1.0,,울 산 17 649 185
학교,2012,896,2. 시·도별 학교 총괄,"ⅩⅦ. 교육, 문화 및 과학",전체,경북,ko,0,0.518,35 433,35433,1.0,,경상북도 35 433 350
학교,2012,896,2. 시·도별 학교 총괄,"ⅩⅦ. 교육, 문화 및 과학",전체,경북,ko,1,0.892,350,350,1.0,,경상북도 35 433 350
학교,2012,896,2. 시·도별 학교 총괄,"ⅩⅦ. 교육, 문화 및 과학",전체,제주,ko,0,0.522,5 059,5059,1.0,,제주륵별자치도 5 059
학교,2012,896,2. 시·도별 학교 총괄,"ⅩⅦ. 교육, 문화 및 과학",전체,서울,ko,0,0.51,502 000,502000,1.0,,서 울 특 별 시 502 000
학교,2012,896,2. 시·도별 학교 총괄,"ⅩⅦ. 교육, 문화 및 과학",전체,부산,ko,0,0.5099,172 069,172069,1.0,,부산광역시 172 069
학교,2012,896,2. 시·도별 학교 총괄,"ⅩⅦ. 교육, 문화 및 과학",전체,대구,ko,0,0.51,146 899,146899,1.0,,대구광역 시 146 899 985
학교,2012,896,2. 시·도별 학교 총괄,"ⅩⅦ. 교육, 문화 및 과학",전체,대구,ko,1,0.894,985,985,1.0,,대구광역 시 146 899 985
학교,2012,896,2. 시·도별 학교 총괄,"ⅩⅦ. 교육, 문화 및 과학",전체,인천,ko,0,0.51,164 928,164928,0.5,,인천광역시 164 928
학교,2012,896,2. 시·도별 학교 총괄,"ⅩⅦ. 교육, 문화 및 과학",전체,광주,ko,0,0.51,102 912,102912,1.0,,광주광 역 시 102 912
학교,2012,896,2. 시·도별 학교 총괄,"ⅩⅦ. 교육, 문화 및 과학",전체,대전,ko,0,0.516,98 665,98665,0.5,,대전광 역 시 98 665
학교,2012,896,2. 시·도별 학교 총괄,"ⅩⅦ. 교육, 문화 및 과학",전체,울산,ko,0,0.518,71 544,71544,1.0,,울산광역시 71 544
학교,2012,896,2. 시·도별 학교 총괄,"ⅩⅦ. 교육, 문화 및 과학",전체,경기,ko,0,0.51,775 163,775163,1.0,,경 기 775 163
학교,2012,896,2. 시·도별 학교 총괄,"ⅩⅦ. 교육, 문화 및 과학",전체,강원,ko,0,0.514,88 865,88865,1.0,,강 원 88 865
학교,2012,896,2. 시·도별 학교 총괄,"ⅩⅦ. 교육, 문화 및 과학",전체,충남,ko,0,0.51,127 260,127260,0.5,,충청남도 127 260
학교,2012,896,2. 시·도별 학교 총괄,"ⅩⅦ. 교육, 문화 및 과학",전체,전북,ko,0,0.51,112 640,112640,1.0,,전 라 북 도도 112 640
학교,2012,896,2. 시·도별 학교 총괄,"ⅩⅦ. 교육, 문화 및 과학",전체,경북,ko,0,0.51,144 918,144918,1.0,,경상북도 144 918
학교,2012,896,2. 시·도별 학교 총괄,"ⅩⅦ. 교육, 문화 및 과학",전체,경남,ko,0,0.51,202 320,202320,1.0,,경 상남도 202 320
학교,2012,896,2. 시·도별 학교 총괄,"ⅩⅦ. 교육, 문화 및 과학",전체,제주,ko,0,0.514,40 172,40172,0.5,,제주특별자치도 40 172
학교,2013,900,2. 시·도별 학교 총괄,"ⅩⅦ. 교육, 문화 및 과학",전체,울산,ko,0,0.2505,869,869,1.0,,서부대인 울산구천 특광광광 시시시시 869 31그그 828 3111 829 858 45 337 1 680
학교,2013,900,2. 시·도별 학교 총괄,"ⅩⅦ. 교육, 문화 및 과학",전체,울산,ko,1,0.345,828,828,1.0,,서부대인 울산구천 특광광광 시시시시 869 31그그 828 3111 829 858 45 337 1 680
학교,2013,900,2. 시·도별 학교 총괄,"ⅩⅦ. 교육, 문화 및 과학",전체,울산,ko,2,0.4292,3111 829 858,3111829858,0.5,과병합의심,서부대인 울산구천 특광광광 시시시시 869 31그그 828 3111 829 858 45 337 1 680
학교,2013,900,2. 시·도별 학교 총괄,"ⅩⅦ. 교육, 문화 및 과학",전체,울산,ko,3,0.6119,45 337,45337,0.5,,서부대인 울산구천 특광광광 시시시시 869 31그그 828 3111 829 858 45 337 1 680
학교,2013,900,2. 시·도별 학교 총괄,"ⅩⅦ. 교육, 문화 및 과학",전체,울산,ko,4,0.8994,1 680,1680,1.0,,서부대인 울산구천 특광광광 시시시시 869 31그그 828 3111 829 858 45 337 1 680
학교,2013,900,2. 시·도별 학교 총괄,"ⅩⅦ. 교육, 문화 및 과학",전체,부산,ko,0,0.2505,302,302,1.0,,부 산 광 시 302 7 067 160 821 77 096
학교,2013,900,2. 시·도별 학교 총괄,"ⅩⅦ. 교육, 문화 및 과학",전체,부산,ko,1,0.4271,7 067,7067,1.0,,부 산 광 시 302 7 067 160 821 77 096
학교,2013,900,2. 시·도별 학교 총괄,"ⅩⅦ. 교육, 문화 및 과학",전체,부산,ko,2,0.5092,160 821,160821,1.0,,부 산 광 시 302 7 067 160 821 77 096
학교,2013,900,2. 시·도별 학교 총괄,"ⅩⅦ. 교육, 문화 및 과학",전체,부산,ko,3,0.6099,77 096,77096,1.0,,부 산 광 시 302 7 067 160 821 77 096
학교,2013,900,2. 시·도별 학교 총괄,"ⅩⅦ. 교육, 문화 및 과학",전체,대구,ko,0,0.2526,219,219,1.0,,대 구 광 시 219 5 970 136 309 64 435 955
학교,2013,900,2. 시·도별 학교 총괄,"ⅩⅦ. 교육, 문화 및 과학",전체,대구,ko,1,0.4292,5 970,5970,1.0,,대 구 광 시 219 5 970 136 309 64 435 955
학교,2013,900,2. 시·도별 학교 총괄,"ⅩⅦ. 교육, 문화 및 과학",전체,대구,ko,2,0.5092,136 309,136309,1.0,,대 구 광 시 219 5 970 136 309 64 435 955
학교,2013,900,2. 시·도별 학교 총괄,"ⅩⅦ. 교육, 문화 및 과학",전체,대구,ko,3,0.6119,64 435,64435,0.5,,대 구 광 시 219 5 970 136 309 64 435 955
학교,2013,900,2. 시·도별 학교 총괄,"ⅩⅦ. 교육, 문화 및 과학",전체,대구,ko,4,0.9096,955,955,1.0,,대 구 광 시 219 5 970 136 309 64 435 955
학교,2013,900,2. 시·도별 학교 총괄,"ⅩⅦ. 교육, 문화 및 과학",전체,울산,ko,0,0.2526,118,118,1.0,,울 산 광 118 2 813 67 156 31 581 511
학교,2013,900,2. 시·도별 학교 총괄,"ⅩⅦ. 교육, 문화 및 과학",전체,울산,ko,1,0.4292,2 813,2813,0.5,,울 산 광 118 2 813 67 156 31 581 511
학교,2013,900,2. 시·도별 학교 총괄,"ⅩⅦ. 교육, 문화 및 과학",전체,울산,ko,2,0.5174,67 156,67156,1.0,,울 산 광 118 2 813 67 156 31 581 511
학교,2013,900,2. 시·도별 학교 총괄,"ⅩⅦ. 교육, 문화 및 과학",전체,울산,ko,3,0.6099,31 581,31581,1.0,,울 산 광 118 2 813 67 156 31 581 511
학교,2013,900,2. 시·도별 학교 총괄,"ⅩⅦ. 교육, 문화 및 과학",전체,울산,ko,4,0.9096,511,511,1.0,,울 산 광 118 2 813 67 156 31 581 511
학교,2013,900,2. 시·도별 학교 총괄,"ⅩⅦ. 교육, 문화 및 과학",전체,제주,ko,0,0.2505,493,493,1.0,,제주속별차치도 남 493 8 978 8 640 190 166 90 065 2 232
학교,2013,900,2. 시·도별 학교 총괄,"ⅩⅦ. 교육, 문화 및 과학",전체,제주,ko,1,0.3327,8 978,8978,0.3,저신뢰,제주속별차치도 남 493 8 978 8 640 190 166 90 065 2 232
학교,2013,900,2. 시·도별 학교 총괄,"ⅩⅦ. 교육, 문화 및 과학",전체,제주,ko,2,0.4271,8 640,8640,0.5,,제주속별차치도 남 493 8 978 8 640 190 166 90 065 2 232
학교,2013,900,2. 시·도별 학교 총괄,"ⅩⅦ. 교육, 문화 및 과학",전체,제주,ko,3,0.5113,190 166,190166,0.5,,제주속별차치도 남 493 8 978 8 640 190 166 90 065 2 232
학교,2013,900,2. 시·도별 학교 총괄,"ⅩⅦ. 교육, 문화 및 과학",전체,제주,ko,4,0.6099,90 065,90065,0.5,,제주속별차치도 남 493 8 978 8 640 190 166 90 065 2 232
학교,2013,900,2. 시·도별 학교 총괄,"ⅩⅦ. 교육, 문화 및 과학",전체,제주,ko,5,0.8994,2 232,2232,1.0,,제주속별차치도 남 493 8 978 8 640 190 166 90 065 2 232
학교,2014,902,2. 시·도별 학교 총괄,"ⅩⅦ. 교육, 문화 및 과학",전체,울산,ko,0,0.2526,884,884,1.0,,서부대인 울산구천 시시시시 884 3 962 42그그 8533 591
학교,2014,902,2. 시·도별 학교 총괄,"ⅩⅦ. 교육, 문화 및 과학",전체,울산,ko,1,0.3327,3 962,3962,0.5,,서부대인 울산구천 시시시시 884 3 962 42그그 8533 591
학교,2014,902,2. 시·도별 학교 총괄,"ⅩⅦ. 교육, 문화 및 과학",전체,울산,ko,2,0.8029,8533,8533,0.3,저신뢰,서부대인 울산구천 시시시시 884 3 962 42그그 8533 591
학교,2014,902,2. 시·도별 학교 총괄,"ⅩⅦ. 교육, 문화 및 과학",전체,울산,ko,3,0.9117,591,591,1.0,,서부대인 울산구천 시시시시 884 3 962 42그그 8533 591
학교,2014,902,2. 시·도별 학교 총괄,"ⅩⅦ. 교육, 문화 및 과학",전체,제주,ko,0,0.2526,493,493,1.0,,제주욕별차치도 493 8 919 8 620 186 973 89 080 13 327 오 9요 2 257
학교,2014,902,2. 시·도별 학교 총괄,"ⅩⅦ. 교육, 문화 및 과학",전체,제주,ko,1,0.3347,8 919,8919,0.3,저신뢰,제주욕별차치도 493 8 919 8 620 186 973 89 080 13 327 오 9요 2 257
학교,2014,902,2. 시·도별 학교 총괄,"ⅩⅦ. 교육, 문화 및 과학",전체,제주,ko,2,0.4292,8 620,8620,0.5,,제주욕별차치도 493 8 919 8 620 186 973 89 080 13 327 오 9요 2 257
학교,2014,902,2. 시·도별 학교 총괄,"ⅩⅦ. 교육, 문화 및 과학",전체,제주,ko,3,0.5113,186 973,186973,1.0,,제주욕별차치도 493 8 919 8 620 186 973 89 080 13 327 오 9요 2 257
학교,2014,902,2. 시·도별 학교 총괄,"ⅩⅦ. 교육, 문화 및 과학",전체,제주,ko,4,0.614,89 080,89080,1.0,,제주욕별차치도 493 8 919 8 620 186 973 89 080 13 327 오 9요 2 257
학교,2014,902,2. 시·도별 학교 총괄,"ⅩⅦ. 교육, 문화 및 과학",전체,제주,ko,5,0.7064,13 327,13327,0.5,,제주욕별차치도 493 8 919 8 620 186 973 89 080 13 327 오 9요 2 257
학교,2014,902,2. 시·도별 학교 총괄,"ⅩⅦ. 교육, 문화 및 과학",전체,제주,ko,6,0.8994,2 257,2257,0.5,,제주욕별차치도 493 8 919 8 620 186 973 89 080 13 327 오 9요 2 257
학교,2015,927,2.시·도별 학교 총괄,ⅩⅤ. 교육·문화·과학,전체,광주,ko,0,0.2587,315,315,1.0,,광 주 광 역 시 315 23 741
학교,2015,927,2.시·도별 학교 총괄,ⅩⅤ. 교육·문화·과학,전체,광주,ko,1,0.5195,23 741,23741,0.5,,광 주 광 역 시 315 23 741
학교,2015,927,2.시·도별 학교 총괄,ⅩⅤ. 교육·문화·과학,전체,대전,ko,0,0.2587,268 194,268194,1.0,,대전광역 시 268 194 25 660
학교,2015,927,2.시·도별 학교 총괄,ⅩⅤ. 교육·문화·과학,전체,대전,ko,1,0.5174,25 660,25660,1.0,,대전광역 시 268 194 25 660
학교,2015,927,2.시·도별 학교 총괄,ⅩⅤ. 교육·문화·과학,전체,울산,ko,0,0.3511,819,819,1.0,,울산광역 시 819 879 19 177
학교,2015,927,2.시·도별 학교 총괄,ⅩⅤ. 교육·문화·과학,전체,울산,ko,1,0.4415,879,879,1.0,,울산광역 시 819 879 19 177
학교,2015,927,2.시·도별 학교 총괄,ⅩⅤ. 교육·문화·과학,전체,울산,ko,2,0.5154,19 177,19177,0.5,,울산광역 시 819 879 19 177
학교,2015,927,2.시·도별 학교 총괄,ⅩⅤ. 교육·문화·과학,전체,제주,ko,0,0.2567,117,117,1.0,,제주특별자치도 117 252 5 547 2 639 468
학교,2015,927,2.시·도별 학교 총괄,ⅩⅤ. 교육·문화·과학,전체,제주,ko,1,0.4394,252,252,1.0,,제주특별자치도 117 252 5 547 2 639 468
학교,2015,927,2.시·도별 학교 총괄,ⅩⅤ. 교육·문화·과학,전체,제주,ko,2,0.5195,5 547,5547,1.0,,제주특별자치도 117 252 5 547 2 639 468
학교,2015,927,2.시·도별 학교 총괄,ⅩⅤ. 교육·문화·과학,전체,제주,ko,3,0.6119,2 639,2639,1.0,,제주특별자치도 117 252 5 547 2 639 468
학교,2015,927,2.시·도별 학교 총괄,ⅩⅤ. 교육·문화·과학,전체,제주,ko,4,0.809,468,468,1.0,,제주특별자치도 117 252 5 547 2 639 468
학교,2015,927,2.시·도별 학교 총괄,ⅩⅤ. 교육·문화·과학,전체,서울,ko,0,0.2567,599,599,1.0,,서울특별ㅅ 599 18 780 20∞0
학교,2015,927,2.시·도별 학교 총괄,ⅩⅤ. 교육·문화·과학,전체,서울,ko,1,0.423,18 780,18780,0.5,,서울특별ㅅ 599 18 780 20∞0
학교,2015,927,2.시·도별 학교 총괄,ⅩⅤ. 교육·문화·과학,전체,부산,ko,0,0.2587,306,306,1.0,,부산광역ㅅ 306 7 063
학교,2015,927,2.시·도별 학교 총괄,ⅩⅤ. 교육·문화·과학,전체,부산,ko,1,0.4271,7 063,7063,1.0,,부산광역ㅅ 306 7 063
학교,2015,927,2.시·도별 학교 총괄,ⅩⅤ. 교육·문화·과학,전체,대구,ko,0,0.2587,221,221,1.0,,대구광역시 221 5 821
학교,2015,927,2.시·도별 학교 총괄,ⅩⅤ. 교육·문화·과학,전체,대구,ko,1,0.4271,5 821,5821,0.5,,대구광역시 221 5 821
학교,2015,927,2.시·도별 학교 총괄,ⅩⅤ. 교육·문화·과학,전체,인천,ko,0,0.2567,243,243,1.0,,인천 광역 ㅅ 243 6 753 76 338
학교,2015,927,2.시·도별 학교 총괄,ⅩⅤ. 교육·문화·과학,전체,인천,ko,1,0.4292,6 753,6753,0.5,,인천 광역 ㅅ 243 6 753 76 338
학교,2015,927,2.시·도별 학교 총괄,ⅩⅤ. 교육·문화·과학,전체,인천,ko,2,0.6078,76 338,76338,1.0,,인천 광역 ㅅ 243 6 753 76 338
학교,2015,927,2.시·도별 학교 총괄,ⅩⅤ. 교육·문화·과학,전체,광주,ko,0,0.2567,153,153,1.0,,광 주 광 역 시 153 4 023 44 09 38%경
학교,2015,927,2.시·도별 학교 총괄,ⅩⅤ. 교육·문화·과학,전체,광주,ko,1,0.4292,4 023,4023,1.0,,광 주 광 역 시 153 4 023 44 09 38%경
학교,2015,927,2.시·도별 학교 총괄,ⅩⅤ. 교육·문화·과학,전체,광주,ko,2,0.6099,44 09,4409,0.3,저신뢰,광 주 광 역 시 153 4 023 44 09 38%경
학교,2015,927,2.시·도별 학교 총괄,ⅩⅤ. 교육·문화·과학,전체,대전,ko,0,0.2587,146,146,1.0,,대 전 광역시 146 3 997 43 287
학교,2015,927,2.시·도별 학교 총괄,ⅩⅤ. 교육·문화·과학,전체,대전,ko,1,0.4271,3 997,3997,0.5,,대 전 광역시 146 3 997 43 287
학교,2015,927,2.시·도별 학교 총괄,ⅩⅤ. 교육·문화·과학,전체,대전,ko,2,0.6099,43 287,43287,1.0,,대 전 광역시 146 3 997 43 287
학교,2015,927,2.시·도별 학교 총괄,ⅩⅤ. 교육·문화·과학,전체,울산,ko,0,0.2567,119,119,1.0,,울산광역시 119 2 887 31 377
학교,2015,927,2.시·도별 학교 총괄,ⅩⅤ. 교육·문화·과학,전체,울산,ko,1,0.4312,2 887,2887,1.0,,울산광역시 119 2 887 31 377
학교,2015,927,2.시·도별 학교 총괄,ⅩⅤ. 교육·문화·과학,전체,울산,ko,2,0.6078,31 377,31377,0.5,,울산광역시 119 2 887 31 377
학교,2015,927,2.시·도별 학교 총괄,ⅩⅤ. 교육·문화·과학,전체,경기,ko,0,0.2444,1 213,1213,1.0,,경 기 도 1 213 38 500 28 975 355 752 42 569 33 976 4
학교,2015,927,2.시·도별 학교 총괄,ⅩⅤ. 교육·문화·과학,전체,경기,ko,1,0.3347,38 500,38500,0.5,,경 기 도 1 213 38 500 28 975 355 752 42 569 33 976 4
학교,2015,927,2.시·도별 학교 총괄,ⅩⅤ. 교육·문화·과학,전체,경기,ko,2,0.425,28 975,28975,0.5,,경 기 도 1 213 38 500 28 975 355 752 42 569 33 976 4
학교,2015,927,2.시·도별 학교 총괄,ⅩⅤ. 교육·문화·과학,전체,경기,ko,3,0.6016,355 752,355752,1.0,,경 기 도 1 213 38 500 28 975 355 752 42 569 33 976 4
학교,2015,927,2.시·도별 학교 총괄,ⅩⅤ. 교육·문화·과학,전체,경기,ko,4,0.7002,42 569,42569,0.5,,경 기 도 1 213 38 500 28 975 355 752 42 569 33 976 4
학교,2015,927,2.시·도별 학교 총괄,ⅩⅤ. 교육·문화·과학,전체,경기,ko,5,0.7926,33 976,33976,0.5,,경 기 도 1 213 38 500 28 975 355 752 42 569 33 976 4
학교,2015,927,2.시·도별 학교 총괄,ⅩⅤ. 교육·문화·과학,전체,경기,ko,6,0.8891,4,4,1.0,,경 기 도 1 213 38 500 28 975 355 752 42 569 33 976 4
학교,2015,927,2.시·도별 학교 총괄,ⅩⅤ. 교육·문화·과학,전체,강원,ko,0,0.2546,351,351,1.0,,강 원 도 351 5 987 4 342 37 683 6 699 4 434 1
학교,2015,927,2.시·도별 학교 총괄,ⅩⅤ. 교육·문화·과학,전체,강원,ko,1,0.3368,5 987,5987,1.0,,강 원 도 351 5 987 4 342 37 683 6 699 4 434 1
학교,2015,927,2.시·도별 학교 총괄,ⅩⅤ. 교육·문화·과학,전체,강원,ko,2,0.4271,4 342,4342,0.5,,강 원 도 351 5 987 4 342 37 683 6 699 4 434 1
학교,2015,927,2.시·도별 학교 총괄,ⅩⅤ. 교육·문화·과학,전체,강원,ko,3,0.6058,37 683,37683,0.5,,강 원 도 351 5 987 4 342 37 683 6 699 4 434 1
학교,2015,927,2.시·도별 학교 총괄,ⅩⅤ. 교육·문화·과학,전체,강원,ko,4,0.7043,6 699,6699,0.5,,강 원 도 351 5 987 4 342 37 683 6 699 4 434 1
학교,2015,927,2.시·도별 학교 총괄,ⅩⅤ. 교육·문화·과학,전체,강원,ko,5,0.7967,4 434,4434,0.5,,강 원 도 351 5 987 4 342 37 683 6 699 4 434 1
학교,2015,927,2.시·도별 학교 총괄,ⅩⅤ. 교육·문화·과학,전체,강원,ko,6,0.8912,1,1,1.0,,강 원 도 351 5 987 4 342 37 683 6 699 4 434 1
학교,2015,927,2.시·도별 학교 총괄,ⅩⅤ. 교육·문화·과학,전체,충북,ko,0,0.2567,260,260,1.0,,충 청 북 도 260 5 ㄲ 4 240 41 049 6 550 4 681 1
학교,2015,927,2.시·도별 학교 총괄,ⅩⅤ. 교육·문화·과학,전체,충북,ko,1,0.4292,4 240,4240,0.5,,충 청 북 도 260 5 ㄲ 4 240 41 049 6 550 4 681 1
학교,2015,927,2.시·도별 학교 총괄,ⅩⅤ. 교육·문화·과학,전체,충북,ko,2,0.6058,41 049,41049,0.5,,충 청 북 도 260 5 ㄲ 4 240 41 049 6 550 4 681 1
학교,2015,927,2.시·도별 학교 총괄,ⅩⅤ. 교육·문화·과학,전체,충북,ko,3,0.7043,6 550,6550,1.0,,충 청 북 도 260 5 ㄲ 4 240 41 049 6 550 4 681 1
학교,2015,927,2.시·도별 학교 총괄,ⅩⅤ. 교육·문화·과학,전체,충북,ko,4,0.7967,4 681,4681,1.0,,충 청 북 도 260 5 ㄲ 4 240 41 049 6 550 4 681 1
학교,2015,927,2.시·도별 학교 총괄,ⅩⅤ. 교육·문화·과학,전체,충북,ko,5,0.8912,1,1,1.0,,충 청 북 도 260 5 ㄲ 4 240 41 049 6 550 4 681 1
학교,2015,927,2.시·도별 학교 총괄,ⅩⅤ. 교육·문화·과학,전체,경북,ko,0,0.2567,476,476,1.0,,경상북도 476 9 216 6 305 61
학교,2015,927,2.시·도별 학교 총괄,ⅩⅤ. 교육·문화·과학,전체,경북,ko,1,0.3368,9 216,9216,1.0,,경상북도 476 9 216 6 305 61
학교,2015,927,2.시·도별 학교 총괄,ⅩⅤ. 교육·문화·과학,전체,경북,ko,2,0.4292,6 305,6305,1.0,,경상북도 476 9 216 6 305 61
학교,2015,927,2.시·도별 학교 총괄,ⅩⅤ. 교육·문화·과학,전체,경북,ko,3,0.6078,61,61,1.0,,경상북도 476 9 216 6 305 61
학교,2015,927,2.시·도별 학교 총괄,ⅩⅤ. 교육·문화·과학,전체,경남,ko,0,0.2567,498,498,1.0,,경상남도 498 11 614 8 703
학교,2015,927,2.시·도별 학교 총괄,ⅩⅤ. 교육·문화·과학,전체,경남,ko,1,0.3327,11 614,11614,0.5,,경상남도 498 11 614 8 703
학교,2015,927,2.시·도별 학교 총괄,ⅩⅤ. 교육·문화·과학,전체,경남,ko,2,0.4292,8 703,8703,1.0,,경상남도 498 11 614 8 703
학교,2015,927,2.시·도별 학교 총괄,ⅩⅤ. 교육·문화·과학,전체,제주,ko,0,0.2587,112,112,1.0,,제주특별자치도 112 2 220 1 739
학교,2015,927,2.시·도별 학교 총괄,ⅩⅤ. 교육·문화·과학,전체,제주,ko,1,0.3368,2 220,2220,0.5,,제주특별자치도 112 2 220 1 739
학교,2015,927,2.시·도별 학교 총괄,ⅩⅤ. 교육·문화·과학,전체,제주,ko,2,0.4292,1 739,1739,1.0,,제주특별자치도 112 2 220 1 739
학교,2016,937,2.시·도별 학교 총괄,ⅩⅤ. 교육·문화·과학,전체,제주,ko,0,0.2567,118,118,1.0,,"제주특별자치도 118 259 5, 943 2,898)"
학교,2016,937,2.시·도별 학교 총괄,ⅩⅤ. 교육·문화·과학,전체,제주,ko,1,0.4394,259,259,1.0,,"제주특별자치도 118 259 5, 943 2,898)"
학교,2016,937,2.시·도별 학교 총괄,ⅩⅤ. 교육·문화·과학,전체,제주,ko,2,0.5195,"5, 943",5943,0.5,,"제주특별자치도 118 259 5, 943 2,898)"
학교,2016,937,2.시·도별 학교 총괄,ⅩⅤ. 교육·문화·과학,전체,제주,ko,3,0.6119,"2,898)",2898,0.5,,"제주특별자치도 118 259 5, 943 2,898)"
학교,2016,937,2.시·도별 학교 총괄,ⅩⅤ. 교육·문화·과학,전체,서울,ko,0,0.3327,"24, 989",24989,0.5,,"서울특별시 24, 989 18,621 211, 706 29,448 25,522 3,176"
학교,2016,937,2.시·도별 학교 총괄,ⅩⅤ. 교육·문화·과학,전체,서울,ko,1,0.423,"18,621",18621,1.0,,"서울특별시 24, 989 18,621 211, 706 29,448 25,522 3,176"
학교,2016,937,2.시·도별 학교 총괄,ⅩⅤ. 교육·문화·과학,전체,서울,ko,2,0.6016,"211, 706",211706,0.5,,"서울특별시 24, 989 18,621 211, 706 29,448 25,522 3,176"
학교,2016,937,2.시·도별 학교 총괄,ⅩⅤ. 교육·문화·과학,전체,서울,ko,3,0.7002,"29,448",29448,1.0,,"서울특별시 24, 989 18,621 211, 706 29,448 25,522 3,176"
학교,2016,937,2.시·도별 학교 총괄,ⅩⅤ. 교육·문화·과학,전체,서울,ko,4,0.7905,"25,522",25522,0.5,,"서울특별시 24, 989 18,621 211, 706 29,448 25,522 3,176"
학교,2016,937,2.시·도별 학교 총괄,ⅩⅤ. 교육·문화·과학,전체,서울,ko,5,0.8891,"3,176",3176,0.5,,"서울특별시 24, 989 18,621 211, 706 29,448 25,522 3,176"
학교,2016,937,2.시·도별 학교 총괄,ⅩⅤ. 교육·문화·과학,전체,부산,ko,0,0.3327,"10, 026",10026,1.0,,"부 산 광 역 시 10, 026 6,873 73, 178 10,250 8,287 1,255"
학교,2016,937,2.시·도별 학교 총괄,ⅩⅤ. 교육·문화·과학,전체,부산,ko,1,0.4292,"6,873",6873,0.5,,"부 산 광 역 시 10, 026 6,873 73, 178 10,250 8,287 1,255"
학교,2016,937,2.시·도별 학교 총괄,ⅩⅤ. 교육·문화·과학,전체,부산,ko,2,0.6078,"73, 178",73178,0.5,,"부 산 광 역 시 10, 026 6,873 73, 178 10,250 8,287 1,255"
학교,2016,937,2.시·도별 학교 총괄,ⅩⅤ. 교육·문화·과학,전체,부산,ko,3,0.7002,"10,250",10250,1.0,,"부 산 광 역 시 10, 026 6,873 73, 178 10,250 8,287 1,255"
학교,2016,937,2.시·도별 학교 총괄,ⅩⅤ. 교육·문화·과학,전체,부산,ko,4,0.7947,"8,287",8287,1.0,,"부 산 광 역 시 10, 026 6,873 73, 178 10,250 8,287 1,255"
학교,2016,937,2.시·도별 학교 총괄,ⅩⅤ. 교육·문화·과학,전체,부산,ko,5,0.8891,"1,255",1255,1.0,,"부 산 광 역 시 10, 026 6,873 73, 178 10,250 8,287 1,255"
학교,2016,937,2.시·도별 학교 총괄,ⅩⅤ. 교육·문화·과학,전체,대구,ko,0,0.3388,"7, 633",7633,1.0,,"대구광역시 7, 633 5,555 60, 227 8,873 7,283 907"
학교,2016,937,2.시·도별 학교 총괄,ⅩⅤ. 교육·문화·과학,전체,대구,ko,1,0.4312,"5,555",5555,0.5,,"대구광역시 7, 633 5,555 60, 227 8,873 7,283 907"
학교,2016,937,2.시·도별 학교 총괄,ⅩⅤ. 교육·문화·과학,전체,대구,ko,2,0.6099,"60, 227",60227,1.0,,"대구광역시 7, 633 5,555 60, 227 8,873 7,283 907"
학교,2016,937,2.시·도별 학교 총괄,ⅩⅤ. 교육·문화·과학,전체,대구,ko,3,0.7043,"8,873",8873,1.0,,"대구광역시 7, 633 5,555 60, 227 8,873 7,283 907"
학교,2016,937,2.시·도별 학교 총괄,ⅩⅤ. 교육·문화·과학,전체,대구,ko,4,0.7988,"7,283",7283,1.0,,"대구광역시 7, 633 5,555 60, 227 8,873 7,283 907"
학교,2016,937,2.시·도별 학교 총괄,ⅩⅤ. 교육·문화·과학,전체,대구,ko,5,0.9014,907,907,1.0,,"대구광역시 7, 633 5,555 60, 227 8,873 7,283 907"
학교,2016,937,2.시·도별 학교 총괄,ⅩⅤ. 교육·문화·과학,전체,인천,ko,0,0.3409,"8,991",8991,0.5,,"인천광역ㅅ 8,991 6,772 75,629 9,967 7,490 1, 048"
학교,2016,937,2.시·도별 학교 총괄,ⅩⅤ. 교육·문화·과학,전체,인천,ko,1,0.4292,"6,772",6772,0.5,,"인천광역ㅅ 8,991 6,772 75,629 9,967 7,490 1, 048"
학교,2016,937,2.시·도별 학교 총괄,ⅩⅤ. 교육·문화·과학,전체,인천,ko,2,0.6078,"75,629",75629,1.0,,"인천광역ㅅ 8,991 6,772 75,629 9,967 7,490 1, 048"
학교,2016,937,2.시·도별 학교 총괄,ⅩⅤ. 교육·문화·과학,전체,인천,ko,3,0.7043,"9,967",9967,1.0,,"인천광역ㅅ 8,991 6,772 75,629 9,967 7,490 1, 048"
학교,2016,937,2.시·도별 학교 총괄,ⅩⅤ. 교육·문화·과학,전체,인천,ko,4,0.7967,"7,490",7490,1.0,,"인천광역ㅅ 8,991 6,772 75,629 9,967 7,490 1, 048"
학교,2016,937,2.시·도별 학교 총괄,ⅩⅤ. 교육·문화·과학,전체,인천,ko,5,0.8891,"1, 048",1048,1.0,,"인천광역ㅅ 8,991 6,772 75,629 9,967 7,490 1, 048"
학교,2016,937,2.시·도별 학교 총괄,ⅩⅤ. 교육·문화·과학,전체,광주,ko,0,0.3368,"5,221",5221,0.5,,"광 주 광 역 시 5,221 3,985 42, 905 6, 027 4, 848\ 586"
학교,2016,937,2.시·도별 학교 총괄,ⅩⅤ. 교육·문화·과학,전체,광주,ko,1,0.4292,"3,985",3985,0.5,,"광 주 광 역 시 5,221 3,985 42, 905 6, 027 4, 848\ 586"
학교,2016,937,2.시·도별 학교 총괄,ⅩⅤ. 교육·문화·과학,전체,광주,ko,2,0.6078,"42, 905",42905,0.5,,"광 주 광 역 시 5,221 3,985 42, 905 6, 027 4, 848\ 586"
학교,2016,937,2.시·도별 학교 총괄,ⅩⅤ. 교육·문화·과학,전체,광주,ko,3,0.7043,"6, 027",6027,0.5,,"광 주 광 역 시 5,221 3,985 42, 905 6, 027 4, 848\ 586"
학교,2016,937,2.시·도별 학교 총괄,ⅩⅤ. 교육·문화·과학,전체,광주,ko,4,0.8994,586,586,1.0,,"광 주 광 역 시 5,221 3,985 42, 905 6, 027 4, 848\ 586"
학교,2016,937,2.시·도별 학교 총괄,ⅩⅤ. 교육·문화·과학,전체,대전,ko,0,0.3368,"5, 191",5191,1.0,,"대 전 광역시 5, 191 3,956 41, 579 6, 005 5,270 564"
학교,2016,937,2.시·도별 학교 총괄,ⅩⅤ. 교육·문화·과학,전체,대전,ko,1,0.4292,"3,956",3956,0.5,,"대 전 광역시 5, 191 3,956 41, 579 6, 005 5,270 564"
학교,2016,937,2.시·도별 학교 총괄,ⅩⅤ. 교육·문화·과학,전체,대전,ko,2,0.6078,"41, 579",41579,0.5,,"대 전 광역시 5, 191 3,956 41, 579 6, 005 5,270 564"
학교,2016,937,2.시·도별 학교 총괄,ⅩⅤ. 교육·문화·과학,전체,대전,ko,3,0.7043,"6, 005",6005,1.0,,"대 전 광역시 5, 191 3,956 41, 579 6, 005 5,270 564"
학교,2016,937,2.시·도별 학교 총괄,ⅩⅤ. 교육·문화·과학,전체,대전,ko,4,0.7967,"5,270",5270,1.0,,"대 전 광역시 5, 191 3,956 41, 579 6, 005 5,270 564"
학교,2016,937,2.시·도별 학교 총괄,ⅩⅤ. 교육·문화·과학,전체,대전,ko,5,0.8994,564,564,1.0,,"대 전 광역시 5, 191 3,956 41, 579 6, 005 5,270 564"
학교,2016,937,2.시·도별 학교 총괄,ⅩⅤ. 교육·문화·과학,전체,울산,ko,0,0.3368,"3,959",3959,1.0,,"울산광역시 3,959 2,880 31, 335 4,235 3,275"
학교,2016,937,2.시·도별 학교 총괄,ⅩⅤ. 교육·문화·과학,전체,울산,ko,1,0.4292,"2,880",2880,0.5,,"울산광역시 3,959 2,880 31, 335 4,235 3,275"
학교,2016,937,2.시·도별 학교 총괄,ⅩⅤ. 교육·문화·과학,전체,울산,ko,2,0.6078,"31, 335",31335,0.5,,"울산광역시 3,959 2,880 31, 335 4,235 3,275"
학교,2016,937,2.시·도별 학교 총괄,ⅩⅤ. 교육·문화·과학,전체,울산,ko,3,0.7043,"4,235",4235,1.0,,"울산광역시 3,959 2,880 31, 335 4,235 3,275"
학교,2016,937,2.시·도별 학교 총괄,ⅩⅤ. 교육·문화·과학,전체,울산,ko,4,0.7967,"3,275",3275,1.0,,"울산광역시 3,959 2,880 31, 335 4,235 3,275"
학교,2016,937,2.시·도별 학교 총괄,ⅩⅤ. 교육·문화·과학,전체,경기,ko,0,0.3327,"39,325",39325,0.5,,"경 기 도 39,325 29,084 353, 231 43,308 34, 557 4,727"
학교,2016,937,2.시·도별 학교 총괄,ⅩⅤ. 교육·문화·과학,전체,경기,ko,1,0.425,"29,084",29084,1.0,,"경 기 도 39,325 29,084 353, 231 43,308 34, 557 4,727"
학교,2016,937,2.시·도별 학교 총괄,ⅩⅤ. 교육·문화·과학,전체,경기,ko,2,0.6016,"353, 231",353231,1.0,,"경 기 도 39,325 29,084 353, 231 43,308 34, 557 4,727"
학교,2016,937,2.시·도별 학교 총괄,ⅩⅤ. 교육·문화·과학,전체,경기,ko,3,0.7002,"43,308",43308,0.5,,"경 기 도 39,325 29,084 353, 231 43,308 34, 557 4,727"
학교,2016,937,2.시·도별 학교 총괄,ⅩⅤ. 교육·문화·과학,전체,경기,ko,4,0.7926,"34, 557",34557,1.0,,"경 기 도 39,325 29,084 353, 231 43,308 34, 557 4,727"
학교,2016,937,2.시·도별 학교 총괄,ⅩⅤ. 교육·문화·과학,전체,경기,ko,5,0.8891,"4,727",4727,0.5,,"경 기 도 39,325 29,084 353, 231 43,308 34, 557 4,727"
학교,2016,937,2.시·도별 학교 총괄,ⅩⅤ. 교육·문화·과학,전체,강원,ko,0,0.3368,"5, 975",5975,1.0,,"강 원 도 5, 975 4,277 36,986 6,558 4,361 1,466"
학교,2016,937,2.시·도별 학교 총괄,ⅩⅤ. 교육·문화·과학,전체,강원,ko,1,0.4292,"4,277",4277,1.0,,"강 원 도 5, 975 4,277 36,986 6,558 4,361 1,466"
학교,2016,937,2.시·도별 학교 총괄,ⅩⅤ. 교육·문화·과학,전체,강원,ko,2,0.6078,"36,986",36986,0.5,,"강 원 도 5, 975 4,277 36,986 6,558 4,361 1,466"
학교,2016,937,2.시·도별 학교 총괄,ⅩⅤ. 교육·문화·과학,전체,강원,ko,3,0.7043,"6,558",6558,1.0,,"강 원 도 5, 975 4,277 36,986 6,558 4,361 1,466"
학교,2016,937,2.시·도별 학교 총괄,ⅩⅤ. 교육·문화·과학,전체,강원,ko,4,0.7967,"4,361",4361,0.5,,"강 원 도 5, 975 4,277 36,986 6,558 4,361 1,466"
학교,2016,937,2.시·도별 학교 총괄,ⅩⅤ. 교육·문화·과학,전체,강원,ko,5,0.8891,"1,466",1466,0.5,,"강 원 도 5, 975 4,277 36,986 6,558 4,361 1,466"
학교,2016,937,2.시·도별 학교 총괄,ⅩⅤ. 교육·문화·과학,전체,충북,ko,0,0.3388,"5,739",5739,0.5,,"충 청 북 도 5,739 4,260 40, 456 6,586\ 4,687 1, 095"
학교,2016,937,2.시·도별 학교 총괄,ⅩⅤ. 교육·문화·과학,전체,충북,ko,1,0.4292,"4,260",4260,0.3,저신뢰,"충 청 북 도 5,739 4,260 40, 456 6,586\ 4,687 1, 095"
학교,2016,937,2.시·도별 학교 총괄,ⅩⅤ. 교육·문화·과학,전체,충북,ko,2,0.6078,"40, 456",40456,1.0,,"충 청 북 도 5,739 4,260 40, 456 6,586\ 4,687 1, 095"
학교,2016,937,2.시·도별 학교 총괄,ⅩⅤ. 교육·문화·과학,전체,충북,ko,3,0.7967,"4,687",4687,1.0,,"충 청 북 도 5,739 4,260 40, 456 6,586\ 4,687 1, 095"
학교,2016,937,2.시·도별 학교 총괄,ⅩⅤ. 교육·문화·과학,전체,충북,ko,4,0.8891,"1, 095",1095,1.0,,"충 청 북 도 5,739 4,260 40, 456 6,586\ 4,687 1, 095"
학교,2016,937,2.시·도별 학교 총괄,ⅩⅤ. 교육·문화·과학,전체,경북,ko,0,0.3368,"9, 296",9296,1.0,,"경상북도 9, 296 6,242 60, 990 10, 016 6,412 1,962"
학교,2016,937,2.시·도별 학교 총괄,ⅩⅤ. 교육·문화·과학,전체,경북,ko,1,0.4292,"6,242",6242,0.5,,"경상북도 9, 296 6,242 60, 990 10, 016 6,412 1,962"
학교,2016,937,2.시·도별 학교 총괄,ⅩⅤ. 교육·문화·과학,전체,경북,ko,2,0.6078,"60, 990",60990,1.0,,"경상북도 9, 296 6,242 60, 990 10, 016 6,412 1,962"
학교,2016,937,2.시·도별 학교 총괄,ⅩⅤ. 교육·문화·과학,전체,경북,ko,3,0.6982,"10, 016",10016,0.5,,"경상북도 9, 296 6,242 60, 990 10, 016 6,412 1,962"
학교,2016,937,2.시·도별 학교 총괄,ⅩⅤ. 교육·문화·과학,전체,경북,ko,4,0.7967,"6,412",6412,0.5,,"경상북도 9, 296 6,242 60, 990 10, 016 6,412 1,962"
학교,2016,937,2.시·도별 학교 총괄,ⅩⅤ. 교육·문화·과학,전체,경북,ko,5,0.8891,"1,962",1962,0.5,,"경상북도 9, 296 6,242 60, 990 10, 016 6,412 1,962"
학교,2016,937,2.시·도별 학교 총괄,ⅩⅤ. 교육·문화·과학,전체,경남,ko,0,0.3327,"11, 772",11772,1.0,,"경상남도 11, 772 8,742 89,024 13,425 9, 867 ~"
학교,2016,937,2.시·도별 학교 총괄,ⅩⅤ. 교육·문화·과학,전체,경남,ko,1,0.4292,"8,742",8742,0.5,,"경상남도 11, 772 8,742 89,024 13,425 9, 867 ~"
학교,2016,937,2.시·도별 학교 총괄,ⅩⅤ. 교육·문화·과학,전체,경남,ko,2,0.6078,"89,024",89024,1.0,,"경상남도 11, 772 8,742 89,024 13,425 9, 867 ~"
학교,2016,937,2.시·도별 학교 총괄,ⅩⅤ. 교육·문화·과학,전체,경남,ko,3,0.6982,"13,425",13425,1.0,,"경상남도 11, 772 8,742 89,024 13,425 9, 867 ~"
학교,2016,937,2.시·도별 학교 총괄,ⅩⅤ. 교육·문화·과학,전체,경남,ko,4,0.7967,"9, 867",9867,0.5,,"경상남도 11, 772 8,742 89,024 13,425 9, 867 ~"
학교,2016,937,2.시·도별 학교 총괄,ⅩⅤ. 교육·문화·과학,전체,제주,ko,0,0.3368,"2,162",2162,0.5,,"제주특별자치도 2,162 1, 740 18,280 2,676 1, 984"
학교,2016,937,2.시·도별 학교 총괄,ⅩⅤ. 교육·문화·과학,전체,제주,ko,1,0.4292,"1, 740",1740,0.3,저신뢰,"제주특별자치도 2,162 1, 740 18,280 2,676 1, 984"
학교,2016,937,2.시·도별 학교 총괄,ⅩⅤ. 교육·문화·과학,전체,제주,ko,2,0.6078,"18,280",18280,0.5,,"제주특별자치도 2,162 1, 740 18,280 2,676 1, 984"
학교,2016,937,2.시·도별 학교 총괄,ⅩⅤ. 교육·문화·과학,전체,제주,ko,3,0.7043,"2,676",2676,1.0,,"제주특별자치도 2,162 1, 740 18,280 2,676 1, 984"
학교,2016,937,2.시·도별 학교 총괄,ⅩⅤ. 교육·문화·과학,전체,제주,ko,4,0.7967,"1, 984",1984,0.5,,"제주특별자치도 2,162 1, 740 18,280 2,676 1, 984"
학교,2018,611,2.시도별 학교 총괄,ⅩⅤ. 교육·과학·문화,전체,제주,ko,0,0.3327,2.,2.0,1.0,,제주락별차치 2. 2. 51
학교,2018,611,2.시도별 학교 총괄,ⅩⅤ. 교육·과학·문화,전체,제주,ko,1,0.423,2.,2.0,0.5,,제주락별차치 2. 2. 51
학교,2018,611,2.시도별 학교 총괄,ⅩⅤ. 교육·과학·문화,전체,제주,ko,2,0.5113,51,51,1.0,,제주락별차치 2. 2. 51
학교,2018,611,2.시도별 학교 총괄,ⅩⅤ. 교육·과학·문화,전체,경기,ko,0,0.2361,1.261,1.261,0.5,,경 기 1.261 41. 341
학교,2018,611,2.시도별 학교 총괄,ⅩⅤ. 교육·과학·문화,전체,경기,ko,1,0.3203,41. 341,41.341,0.5,,경 기 1.261 41. 341
학교,2021,287,2. 시도별 학교 총괄,Ⅵ. 교육·훈련,전체,제주,ko,0,0.3405,"2,362",2362,1.0,,"제주특별자치 2,362 1,848"
학교,2021,287,2. 시도별 학교 총괄,Ⅵ. 교육·훈련,전체,제주,ko,1,0.4252,"1,848",1848,1.0,,"제주특별자치 2,362 1,848"
