연도,국가,국가코드,도시인구비율_퍼센트,지표코드,source_url,retrieved
1960,한국,KOR,27.6858239622977,SP.URB.TOTL.IN.ZS,https://api.worldbank.org/v2/country/KOR;JPN;GBR/indicator/SP.URB.TOTL.IN.ZS?format=json&per_page=300&date=1960:2024,2026-08-19
1961,한국,KOR,28.4487165107257,SP.URB.TOTL.IN.ZS,https://api.worldbank.org/v2/country/KOR;JPN;GBR/indicator/SP.URB.TOTL.IN.ZS?format=json&per_page=300&date=1960:2024,2026-08-19
1962,한국,KOR,29.2335073020446,SP.URB.TOTL.IN.ZS,https://api.worldbank.org/v2/country/KOR;JPN;GBR/indicator/SP.URB.TOTL.IN.ZS?format=json&per_page=300&date=1960:2024,2026-08-19
1963,한국,KOR,30.0578676824386,SP.URB.TOTL.IN.ZS,https://api.worldbank.org/v2/country/KOR;JPN;GBR/indicator/SP.URB.TOTL.IN.ZS?format=json&per_page=300&date=1960:2024,2026-08-19
1964,한국,KOR,30.9563602392687,SP.URB.TOTL.IN.ZS,https://api.worldbank.org/v2/country/KOR;JPN;GBR/indicator/SP.URB.TOTL.IN.ZS?format=json&per_page=300&date=1960:2024,2026-08-19
1965,한국,KOR,31.9635475598961,SP.URB.TOTL.IN.ZS,https://api.worldbank.org/v2/country/KOR;JPN;GBR/indicator/SP.URB.TOTL.IN.ZS?format=json&per_page=300&date=1960:2024,2026-08-19
1966,한국,KOR,33.1034551656567,SP.URB.TOTL.IN.ZS,https://api.worldbank.org/v2/country/KOR;JPN;GBR/indicator/SP.URB.TOTL.IN.ZS?format=json&per_page=300&date=1960:2024,2026-08-19
1967,한국,KOR,34.5588302969076,SP.URB.TOTL.IN.ZS,https://api.worldbank.org/v2/country/KOR;JPN;GBR/indicator/SP.URB.TOTL.IN.ZS?format=json&per_page=300&date=1960:2024,2026-08-19
1968,한국,KOR,36.5332576645622,SP.URB.TOTL.IN.ZS,https://api.worldbank.org/v2/country/KOR;JPN;GBR/indicator/SP.URB.TOTL.IN.ZS?format=json&per_page=300&date=1960:2024,2026-08-19
1969,한국,KOR,38.7099888112837,SP.URB.TOTL.IN.ZS,https://api.worldbank.org/v2/country/KOR;JPN;GBR/indicator/SP.URB.TOTL.IN.ZS?format=json&per_page=300&date=1960:2024,2026-08-19
1970,한국,KOR,40.7085270995502,SP.URB.TOTL.IN.ZS,https://api.worldbank.org/v2/country/KOR;JPN;GBR/indicator/SP.URB.TOTL.IN.ZS?format=json&per_page=300&date=1960:2024,2026-08-19
1971,한국,KOR,42.3477332957849,SP.URB.TOTL.IN.ZS,https://api.worldbank.org/v2/country/KOR;JPN;GBR/indicator/SP.URB.TOTL.IN.ZS?format=json&per_page=300&date=1960:2024,2026-08-19
1972,한국,KOR,43.7893372123996,SP.URB.TOTL.IN.ZS,https://api.worldbank.org/v2/country/KOR;JPN;GBR/indicator/SP.URB.TOTL.IN.ZS?format=json&per_page=300&date=1960:2024,2026-08-19
1973,한국,KOR,45.1473735759202,SP.URB.TOTL.IN.ZS,https://api.worldbank.org/v2/country/KOR;JPN;GBR/indicator/SP.URB.TOTL.IN.ZS?format=json&per_page=300&date=1960:2024,2026-08-19
1974,한국,KOR,46.5094025449477,SP.URB.TOTL.IN.ZS,https://api.worldbank.org/v2/country/KOR;JPN;GBR/indicator/SP.URB.TOTL.IN.ZS?format=json&per_page=300&date=1960:2024,2026-08-19
1975,한국,KOR,47.9673969434303,SP.URB.TOTL.IN.ZS,https://api.worldbank.org/v2/country/KOR;JPN;GBR/indicator/SP.URB.TOTL.IN.ZS?format=json&per_page=300&date=1960:2024,2026-08-19
1976,한국,KOR,49.5736556126164,SP.URB.TOTL.IN.ZS,https://api.worldbank.org/v2/country/KOR;JPN;GBR/indicator/SP.URB.TOTL.IN.ZS?format=json&per_page=300&date=1960:2024,2026-08-19
1977,한국,KOR,51.3027034426193,SP.URB.TOTL.IN.ZS,https://api.worldbank.org/v2/country/KOR;JPN;GBR/indicator/SP.URB.TOTL.IN.ZS?format=json&per_page=300&date=1960:2024,2026-08-19
1978,한국,KOR,53.0955799830981,SP.URB.TOTL.IN.ZS,https://api.worldbank.org/v2/country/KOR;JPN;GBR/indicator/SP.URB.TOTL.IN.ZS?format=json&per_page=300&date=1960:2024,2026-08-19
1979,한국,KOR,54.8987778188484,SP.URB.TOTL.IN.ZS,https://api.worldbank.org/v2/country/KOR;JPN;GBR/indicator/SP.URB.TOTL.IN.ZS?format=json&per_page=300&date=1960:2024,2026-08-19
1980,한국,KOR,56.6554425515705,SP.URB.TOTL.IN.ZS,https://api.worldbank.org/v2/country/KOR;JPN;GBR/indicator/SP.URB.TOTL.IN.ZS?format=json&per_page=300&date=1960:2024,2026-08-19
1981,한국,KOR,58.3339941411302,SP.URB.TOTL.IN.ZS,https://api.worldbank.org/v2/country/KOR;JPN;GBR/indicator/SP.URB.TOTL.IN.ZS?format=json&per_page=300&date=1960:2024,2026-08-19
1982,한국,KOR,59.950566865243,SP.URB.TOTL.IN.ZS,https://api.worldbank.org/v2/country/KOR;JPN;GBR/indicator/SP.URB.TOTL.IN.ZS?format=json&per_page=300&date=1960:2024,2026-08-19
1983,한국,KOR,61.5442686216481,SP.URB.TOTL.IN.ZS,https://api.worldbank.org/v2/country/KOR;JPN;GBR/indicator/SP.URB.TOTL.IN.ZS?format=json&per_page=300&date=1960:2024,2026-08-19
1984,한국,KOR,63.149438472478,SP.URB.TOTL.IN.ZS,https://api.worldbank.org/v2/country/KOR;JPN;GBR/indicator/SP.URB.TOTL.IN.ZS?format=json&per_page=300&date=1960:2024,2026-08-19
1985,한국,KOR,64.7952808591987,SP.URB.TOTL.IN.ZS,https://api.worldbank.org/v2/country/KOR;JPN;GBR/indicator/SP.URB.TOTL.IN.ZS?format=json&per_page=300&date=1960:2024,2026-08-19
1986,한국,KOR,66.5771098057876,SP.URB.TOTL.IN.ZS,https://api.worldbank.org/v2/country/KOR;JPN;GBR/indicator/SP.URB.TOTL.IN.ZS?format=json&per_page=300&date=1960:2024,2026-08-19
1987,한국,KOR,68.5628466782553,SP.URB.TOTL.IN.ZS,https://api.worldbank.org/v2/country/KOR;JPN;GBR/indicator/SP.URB.TOTL.IN.ZS?format=json&per_page=300&date=1960:2024,2026-08-19
1988,한국,KOR,70.5877839860655,SP.URB.TOTL.IN.ZS,https://api.worldbank.org/v2/country/KOR;JPN;GBR/indicator/SP.URB.TOTL.IN.ZS?format=json&per_page=300&date=1960:2024,2026-08-19
1989,한국,KOR,72.4660369649545,SP.URB.TOTL.IN.ZS,https://api.worldbank.org/v2/country/KOR;JPN;GBR/indicator/SP.URB.TOTL.IN.ZS?format=json&per_page=300&date=1960:2024,2026-08-19
1990,한국,KOR,73.9851161168568,SP.URB.TOTL.IN.ZS,https://api.worldbank.org/v2/country/KOR;JPN;GBR/indicator/SP.URB.TOTL.IN.ZS?format=json&per_page=300&date=1960:2024,2026-08-19
1991,한국,KOR,75.1606018983188,SP.URB.TOTL.IN.ZS,https://api.worldbank.org/v2/country/KOR;JPN;GBR/indicator/SP.URB.TOTL.IN.ZS?format=json&per_page=300&date=1960:2024,2026-08-19
1992,한국,KOR,76.1960694185519,SP.URB.TOTL.IN.ZS,https://api.worldbank.org/v2/country/KOR;JPN;GBR/indicator/SP.URB.TOTL.IN.ZS?format=json&per_page=300&date=1960:2024,2026-08-19
1993,한국,KOR,77.1082857281795,SP.URB.TOTL.IN.ZS,https://api.worldbank.org/v2/country/KOR;JPN;GBR/indicator/SP.URB.TOTL.IN.ZS?format=json&per_page=300&date=1960:2024,2026-08-19
1994,한국,KOR,77.8585649228147,SP.URB.TOTL.IN.ZS,https://api.worldbank.org/v2/country/KOR;JPN;GBR/indicator/SP.URB.TOTL.IN.ZS?format=json&per_page=300&date=1960:2024,2026-08-19
1995,한국,KOR,78.400437187912,SP.URB.TOTL.IN.ZS,https://api.worldbank.org/v2/country/KOR;JPN;GBR/indicator/SP.URB.TOTL.IN.ZS?format=json&per_page=300&date=1960:2024,2026-08-19
1996,한국,KOR,78.7508147919442,SP.URB.TOTL.IN.ZS,https://api.worldbank.org/v2/country/KOR;JPN;GBR/indicator/SP.URB.TOTL.IN.ZS?format=json&per_page=300&date=1960:2024,2026-08-19
1997,한국,KOR,78.9918025094803,SP.URB.TOTL.IN.ZS,https://api.worldbank.org/v2/country/KOR;JPN;GBR/indicator/SP.URB.TOTL.IN.ZS?format=json&per_page=300&date=1960:2024,2026-08-19
1998,한국,KOR,79.1812369650495,SP.URB.TOTL.IN.ZS,https://api.worldbank.org/v2/country/KOR;JPN;GBR/indicator/SP.URB.TOTL.IN.ZS?format=json&per_page=300&date=1960:2024,2026-08-19
1999,한국,KOR,79.3623394908518,SP.URB.TOTL.IN.ZS,https://api.worldbank.org/v2/country/KOR;JPN;GBR/indicator/SP.URB.TOTL.IN.ZS?format=json&per_page=300&date=1960:2024,2026-08-19
2000,한국,KOR,79.579960745642,SP.URB.TOTL.IN.ZS,https://api.worldbank.org/v2/country/KOR;JPN;GBR/indicator/SP.URB.TOTL.IN.ZS?format=json&per_page=300&date=1960:2024,2026-08-19
2001,한국,KOR,79.8787704357425,SP.URB.TOTL.IN.ZS,https://api.worldbank.org/v2/country/KOR;JPN;GBR/indicator/SP.URB.TOTL.IN.ZS?format=json&per_page=300&date=1960:2024,2026-08-19
2002,한국,KOR,80.2766294544335,SP.URB.TOTL.IN.ZS,https://api.worldbank.org/v2/country/KOR;JPN;GBR/indicator/SP.URB.TOTL.IN.ZS?format=json&per_page=300&date=1960:2024,2026-08-19
2003,한국,KOR,80.707793508044,SP.URB.TOTL.IN.ZS,https://api.worldbank.org/v2/country/KOR;JPN;GBR/indicator/SP.URB.TOTL.IN.ZS?format=json&per_page=300&date=1960:2024,2026-08-19
2004,한국,KOR,81.104386778171,SP.URB.TOTL.IN.ZS,https://api.worldbank.org/v2/country/KOR;JPN;GBR/indicator/SP.URB.TOTL.IN.ZS?format=json&per_page=300&date=1960:2024,2026-08-19
2005,한국,KOR,81.3901352283669,SP.URB.TOTL.IN.ZS,https://api.worldbank.org/v2/country/KOR;JPN;GBR/indicator/SP.URB.TOTL.IN.ZS?format=json&per_page=300&date=1960:2024,2026-08-19
2006,한국,KOR,81.566462110512,SP.URB.TOTL.IN.ZS,https://api.worldbank.org/v2/country/KOR;JPN;GBR/indicator/SP.URB.TOTL.IN.ZS?format=json&per_page=300&date=1960:2024,2026-08-19
2007,한국,KOR,81.712125801927,SP.URB.TOTL.IN.ZS,https://api.worldbank.org/v2/country/KOR;JPN;GBR/indicator/SP.URB.TOTL.IN.ZS?format=json&per_page=300&date=1960:2024,2026-08-19
2008,한국,KOR,81.8350833138518,SP.URB.TOTL.IN.ZS,https://api.worldbank.org/v2/country/KOR;JPN;GBR/indicator/SP.URB.TOTL.IN.ZS?format=json&per_page=300&date=1960:2024,2026-08-19
2009,한국,KOR,81.9245045084002,SP.URB.TOTL.IN.ZS,https://api.worldbank.org/v2/country/KOR;JPN;GBR/indicator/SP.URB.TOTL.IN.ZS?format=json&per_page=300&date=1960:2024,2026-08-19
2010,한국,KOR,81.9685075986486,SP.URB.TOTL.IN.ZS,https://api.worldbank.org/v2/country/KOR;JPN;GBR/indicator/SP.URB.TOTL.IN.ZS?format=json&per_page=300&date=1960:2024,2026-08-19
2011,한국,KOR,81.9615408086376,SP.URB.TOTL.IN.ZS,https://api.worldbank.org/v2/country/KOR;JPN;GBR/indicator/SP.URB.TOTL.IN.ZS?format=json&per_page=300&date=1960:2024,2026-08-19
2012,한국,KOR,81.9087898200378,SP.URB.TOTL.IN.ZS,https://api.worldbank.org/v2/country/KOR;JPN;GBR/indicator/SP.URB.TOTL.IN.ZS?format=json&per_page=300&date=1960:2024,2026-08-19
2013,한국,KOR,81.8269383502703,SP.URB.TOTL.IN.ZS,https://api.worldbank.org/v2/country/KOR;JPN;GBR/indicator/SP.URB.TOTL.IN.ZS?format=json&per_page=300&date=1960:2024,2026-08-19
2014,한국,KOR,81.7315682816954,SP.URB.TOTL.IN.ZS,https://api.worldbank.org/v2/country/KOR;JPN;GBR/indicator/SP.URB.TOTL.IN.ZS?format=json&per_page=300&date=1960:2024,2026-08-19
2015,한국,KOR,81.639489860678,SP.URB.TOTL.IN.ZS,https://api.worldbank.org/v2/country/KOR;JPN;GBR/indicator/SP.URB.TOTL.IN.ZS?format=json&per_page=300&date=1960:2024,2026-08-19
2016,한국,KOR,81.5559241797057,SP.URB.TOTL.IN.ZS,https://api.worldbank.org/v2/country/KOR;JPN;GBR/indicator/SP.URB.TOTL.IN.ZS?format=json&per_page=300&date=1960:2024,2026-08-19
2017,한국,KOR,81.471030429984,SP.URB.TOTL.IN.ZS,https://api.worldbank.org/v2/country/KOR;JPN;GBR/indicator/SP.URB.TOTL.IN.ZS?format=json&per_page=300&date=1960:2024,2026-08-19
2018,한국,KOR,81.3823523035196,SP.URB.TOTL.IN.ZS,https://api.worldbank.org/v2/country/KOR;JPN;GBR/indicator/SP.URB.TOTL.IN.ZS?format=json&per_page=300&date=1960:2024,2026-08-19
2019,한국,KOR,81.2901063535619,SP.URB.TOTL.IN.ZS,https://api.worldbank.org/v2/country/KOR;JPN;GBR/indicator/SP.URB.TOTL.IN.ZS?format=json&per_page=300&date=1960:2024,2026-08-19
2020,한국,KOR,81.1759595622913,SP.URB.TOTL.IN.ZS,https://api.worldbank.org/v2/country/KOR;JPN;GBR/indicator/SP.URB.TOTL.IN.ZS?format=json&per_page=300&date=1960:2024,2026-08-19
2021,한국,KOR,81.1616526507785,SP.URB.TOTL.IN.ZS,https://api.worldbank.org/v2/country/KOR;JPN;GBR/indicator/SP.URB.TOTL.IN.ZS?format=json&per_page=300&date=1960:2024,2026-08-19
2022,한국,KOR,81.1624941626873,SP.URB.TOTL.IN.ZS,https://api.worldbank.org/v2/country/KOR;JPN;GBR/indicator/SP.URB.TOTL.IN.ZS?format=json&per_page=300&date=1960:2024,2026-08-19
2023,한국,KOR,81.1645551720421,SP.URB.TOTL.IN.ZS,https://api.worldbank.org/v2/country/KOR;JPN;GBR/indicator/SP.URB.TOTL.IN.ZS?format=json&per_page=300&date=1960:2024,2026-08-19
2024,한국,KOR,81.1682528469686,SP.URB.TOTL.IN.ZS,https://api.worldbank.org/v2/country/KOR;JPN;GBR/indicator/SP.URB.TOTL.IN.ZS?format=json&per_page=300&date=1960:2024,2026-08-19
1960,일본,JPN,63.2581272441637,SP.URB.TOTL.IN.ZS,https://api.worldbank.org/v2/country/KOR;JPN;GBR/indicator/SP.URB.TOTL.IN.ZS?format=json&per_page=300&date=1960:2024,2026-08-19
1961,일본,JPN,64.2724301568983,SP.URB.TOTL.IN.ZS,https://api.worldbank.org/v2/country/KOR;JPN;GBR/indicator/SP.URB.TOTL.IN.ZS?format=json&per_page=300&date=1960:2024,2026-08-19
1962,일본,JPN,65.2338060537393,SP.URB.TOTL.IN.ZS,https://api.worldbank.org/v2/country/KOR;JPN;GBR/indicator/SP.URB.TOTL.IN.ZS?format=json&per_page=300&date=1960:2024,2026-08-19
1963,일본,JPN,66.1447111189244,SP.URB.TOTL.IN.ZS,https://api.worldbank.org/v2/country/KOR;JPN;GBR/indicator/SP.URB.TOTL.IN.ZS?format=json&per_page=300&date=1960:2024,2026-08-19
1964,일본,JPN,67.0205733570673,SP.URB.TOTL.IN.ZS,https://api.worldbank.org/v2/country/KOR;JPN;GBR/indicator/SP.URB.TOTL.IN.ZS?format=json&per_page=300&date=1960:2024,2026-08-19
1965,일본,JPN,67.8778304862691,SP.URB.TOTL.IN.ZS,https://api.worldbank.org/v2/country/KOR;JPN;GBR/indicator/SP.URB.TOTL.IN.ZS?format=json&per_page=300&date=1960:2024,2026-08-19
1966,일본,JPN,68.7175938053346,SP.URB.TOTL.IN.ZS,https://api.worldbank.org/v2/country/KOR;JPN;GBR/indicator/SP.URB.TOTL.IN.ZS?format=json&per_page=300&date=1960:2024,2026-08-19
1967,일본,JPN,69.5276778884656,SP.URB.TOTL.IN.ZS,https://api.worldbank.org/v2/country/KOR;JPN;GBR/indicator/SP.URB.TOTL.IN.ZS?format=json&per_page=300&date=1960:2024,2026-08-19
1968,일본,JPN,70.3160321311653,SP.URB.TOTL.IN.ZS,https://api.worldbank.org/v2/country/KOR;JPN;GBR/indicator/SP.URB.TOTL.IN.ZS?format=json&per_page=300&date=1960:2024,2026-08-19
1969,일본,JPN,71.0928717875749,SP.URB.TOTL.IN.ZS,https://api.worldbank.org/v2/country/KOR;JPN;GBR/indicator/SP.URB.TOTL.IN.ZS?format=json&per_page=300&date=1960:2024,2026-08-19
1970,일본,JPN,71.8621514888884,SP.URB.TOTL.IN.ZS,https://api.worldbank.org/v2/country/KOR;JPN;GBR/indicator/SP.URB.TOTL.IN.ZS?format=json&per_page=300&date=1960:2024,2026-08-19
1971,일본,JPN,72.7088282579266,SP.URB.TOTL.IN.ZS,https://api.worldbank.org/v2/country/KOR;JPN;GBR/indicator/SP.URB.TOTL.IN.ZS?format=json&per_page=300&date=1960:2024,2026-08-19
1972,일본,JPN,73.678910701481,SP.URB.TOTL.IN.ZS,https://api.worldbank.org/v2/country/KOR;JPN;GBR/indicator/SP.URB.TOTL.IN.ZS?format=json&per_page=300&date=1960:2024,2026-08-19
1973,일본,JPN,74.6313684290253,SP.URB.TOTL.IN.ZS,https://api.worldbank.org/v2/country/KOR;JPN;GBR/indicator/SP.URB.TOTL.IN.ZS?format=json&per_page=300&date=1960:2024,2026-08-19
1974,일본,JPN,75.4106178027416,SP.URB.TOTL.IN.ZS,https://api.worldbank.org/v2/country/KOR;JPN;GBR/indicator/SP.URB.TOTL.IN.ZS?format=json&per_page=300&date=1960:2024,2026-08-19
1975,일본,JPN,75.8511067264535,SP.URB.TOTL.IN.ZS,https://api.worldbank.org/v2/country/KOR;JPN;GBR/indicator/SP.URB.TOTL.IN.ZS?format=json&per_page=300&date=1960:2024,2026-08-19
1976,일본,JPN,75.9718496490584,SP.URB.TOTL.IN.ZS,https://api.worldbank.org/v2/country/KOR;JPN;GBR/indicator/SP.URB.TOTL.IN.ZS?format=json&per_page=300&date=1960:2024,2026-08-19
1977,일본,JPN,76.0333398797102,SP.URB.TOTL.IN.ZS,https://api.worldbank.org/v2/country/KOR;JPN;GBR/indicator/SP.URB.TOTL.IN.ZS?format=json&per_page=300&date=1960:2024,2026-08-19
1978,일본,JPN,76.0764616511381,SP.URB.TOTL.IN.ZS,https://api.worldbank.org/v2/country/KOR;JPN;GBR/indicator/SP.URB.TOTL.IN.ZS?format=json&per_page=300&date=1960:2024,2026-08-19
1979,일본,JPN,76.1171567691576,SP.URB.TOTL.IN.ZS,https://api.worldbank.org/v2/country/KOR;JPN;GBR/indicator/SP.URB.TOTL.IN.ZS?format=json&per_page=300&date=1960:2024,2026-08-19
1980,일본,JPN,76.172396260342,SP.URB.TOTL.IN.ZS,https://api.worldbank.org/v2/country/KOR;JPN;GBR/indicator/SP.URB.TOTL.IN.ZS?format=json&per_page=300&date=1960:2024,2026-08-19
1981,일본,JPN,76.2503223945228,SP.URB.TOTL.IN.ZS,https://api.worldbank.org/v2/country/KOR;JPN;GBR/indicator/SP.URB.TOTL.IN.ZS?format=json&per_page=300&date=1960:2024,2026-08-19
1982,일본,JPN,76.3474944329034,SP.URB.TOTL.IN.ZS,https://api.worldbank.org/v2/country/KOR;JPN;GBR/indicator/SP.URB.TOTL.IN.ZS?format=json&per_page=300&date=1960:2024,2026-08-19
1983,일본,JPN,76.4572744627542,SP.URB.TOTL.IN.ZS,https://api.worldbank.org/v2/country/KOR;JPN;GBR/indicator/SP.URB.TOTL.IN.ZS?format=json&per_page=300&date=1960:2024,2026-08-19
1984,일본,JPN,76.5743728196347,SP.URB.TOTL.IN.ZS,https://api.worldbank.org/v2/country/KOR;JPN;GBR/indicator/SP.URB.TOTL.IN.ZS?format=json&per_page=300&date=1960:2024,2026-08-19
1985,일본,JPN,76.6930644715793,SP.URB.TOTL.IN.ZS,https://api.worldbank.org/v2/country/KOR;JPN;GBR/indicator/SP.URB.TOTL.IN.ZS?format=json&per_page=300&date=1960:2024,2026-08-19
1986,일본,JPN,76.81341381908,SP.URB.TOTL.IN.ZS,https://api.worldbank.org/v2/country/KOR;JPN;GBR/indicator/SP.URB.TOTL.IN.ZS?format=json&per_page=300&date=1960:2024,2026-08-19
1987,일본,JPN,76.9402952490325,SP.URB.TOTL.IN.ZS,https://api.worldbank.org/v2/country/KOR;JPN;GBR/indicator/SP.URB.TOTL.IN.ZS?format=json&per_page=300&date=1960:2024,2026-08-19
1988,일본,JPN,77.072111271414,SP.URB.TOTL.IN.ZS,https://api.worldbank.org/v2/country/KOR;JPN;GBR/indicator/SP.URB.TOTL.IN.ZS?format=json&per_page=300&date=1960:2024,2026-08-19
1989,일본,JPN,77.2063887541774,SP.URB.TOTL.IN.ZS,https://api.worldbank.org/v2/country/KOR;JPN;GBR/indicator/SP.URB.TOTL.IN.ZS?format=json&per_page=300&date=1960:2024,2026-08-19
1990,일본,JPN,77.3404178010312,SP.URB.TOTL.IN.ZS,https://api.worldbank.org/v2/country/KOR;JPN;GBR/indicator/SP.URB.TOTL.IN.ZS?format=json&per_page=300&date=1960:2024,2026-08-19
1991,일본,JPN,77.4744816932723,SP.URB.TOTL.IN.ZS,https://api.worldbank.org/v2/country/KOR;JPN;GBR/indicator/SP.URB.TOTL.IN.ZS?format=json&per_page=300&date=1960:2024,2026-08-19
1992,일본,JPN,77.6108029675096,SP.URB.TOTL.IN.ZS,https://api.worldbank.org/v2/country/KOR;JPN;GBR/indicator/SP.URB.TOTL.IN.ZS?format=json&per_page=300&date=1960:2024,2026-08-19
1993,일본,JPN,77.7480283183434,SP.URB.TOTL.IN.ZS,https://api.worldbank.org/v2/country/KOR;JPN;GBR/indicator/SP.URB.TOTL.IN.ZS?format=json&per_page=300&date=1960:2024,2026-08-19
1994,일본,JPN,77.8843368177677,SP.URB.TOTL.IN.ZS,https://api.worldbank.org/v2/country/KOR;JPN;GBR/indicator/SP.URB.TOTL.IN.ZS?format=json&per_page=300&date=1960:2024,2026-08-19
1995,일본,JPN,78.0190838015653,SP.URB.TOTL.IN.ZS,https://api.worldbank.org/v2/country/KOR;JPN;GBR/indicator/SP.URB.TOTL.IN.ZS?format=json&per_page=300&date=1960:2024,2026-08-19
1996,일본,JPN,78.1374047267253,SP.URB.TOTL.IN.ZS,https://api.worldbank.org/v2/country/KOR;JPN;GBR/indicator/SP.URB.TOTL.IN.ZS?format=json&per_page=300&date=1960:2024,2026-08-19
1997,일본,JPN,78.2318902291629,SP.URB.TOTL.IN.ZS,https://api.worldbank.org/v2/country/KOR;JPN;GBR/indicator/SP.URB.TOTL.IN.ZS?format=json&per_page=300&date=1960:2024,2026-08-19
1998,일본,JPN,78.3266396189341,SP.URB.TOTL.IN.ZS,https://api.worldbank.org/v2/country/KOR;JPN;GBR/indicator/SP.URB.TOTL.IN.ZS?format=json&per_page=300&date=1960:2024,2026-08-19
1999,일본,JPN,78.448341899402,SP.URB.TOTL.IN.ZS,https://api.worldbank.org/v2/country/KOR;JPN;GBR/indicator/SP.URB.TOTL.IN.ZS?format=json&per_page=300&date=1960:2024,2026-08-19
2000,일본,JPN,78.6126803295375,SP.URB.TOTL.IN.ZS,https://api.worldbank.org/v2/country/KOR;JPN;GBR/indicator/SP.URB.TOTL.IN.ZS?format=json&per_page=300&date=1960:2024,2026-08-19
2001,일본,JPN,79.1577482060887,SP.URB.TOTL.IN.ZS,https://api.worldbank.org/v2/country/KOR;JPN;GBR/indicator/SP.URB.TOTL.IN.ZS?format=json&per_page=300&date=1960:2024,2026-08-19
2002,일본,JPN,80.5469860733981,SP.URB.TOTL.IN.ZS,https://api.worldbank.org/v2/country/KOR;JPN;GBR/indicator/SP.URB.TOTL.IN.ZS?format=json&per_page=300&date=1960:2024,2026-08-19
2003,일본,JPN,82.4206778416671,SP.URB.TOTL.IN.ZS,https://api.worldbank.org/v2/country/KOR;JPN;GBR/indicator/SP.URB.TOTL.IN.ZS?format=json&per_page=300&date=1960:2024,2026-08-19
2004,일본,JPN,84.3710541898905,SP.URB.TOTL.IN.ZS,https://api.worldbank.org/v2/country/KOR;JPN;GBR/indicator/SP.URB.TOTL.IN.ZS?format=json&per_page=300&date=1960:2024,2026-08-19
2005,일본,JPN,85.9573620483714,SP.URB.TOTL.IN.ZS,https://api.worldbank.org/v2/country/KOR;JPN;GBR/indicator/SP.URB.TOTL.IN.ZS?format=json&per_page=300&date=1960:2024,2026-08-19
2006,일본,JPN,87.1460898958075,SP.URB.TOTL.IN.ZS,https://api.worldbank.org/v2/country/KOR;JPN;GBR/indicator/SP.URB.TOTL.IN.ZS?format=json&per_page=300&date=1960:2024,2026-08-19
2007,일본,JPN,88.2701404492656,SP.URB.TOTL.IN.ZS,https://api.worldbank.org/v2/country/KOR;JPN;GBR/indicator/SP.URB.TOTL.IN.ZS?format=json&per_page=300&date=1960:2024,2026-08-19
2008,일본,JPN,89.2921563808851,SP.URB.TOTL.IN.ZS,https://api.worldbank.org/v2/country/KOR;JPN;GBR/indicator/SP.URB.TOTL.IN.ZS?format=json&per_page=300&date=1960:2024,2026-08-19
2009,일본,JPN,90.1131158718189,SP.URB.TOTL.IN.ZS,https://api.worldbank.org/v2/country/KOR;JPN;GBR/indicator/SP.URB.TOTL.IN.ZS?format=json&per_page=300&date=1960:2024,2026-08-19
2010,일본,JPN,90.6228586840649,SP.URB.TOTL.IN.ZS,https://api.worldbank.org/v2/country/KOR;JPN;GBR/indicator/SP.URB.TOTL.IN.ZS?format=json&per_page=300&date=1960:2024,2026-08-19
2011,일본,JPN,90.8631654434251,SP.URB.TOTL.IN.ZS,https://api.worldbank.org/v2/country/KOR;JPN;GBR/indicator/SP.URB.TOTL.IN.ZS?format=json&per_page=300&date=1960:2024,2026-08-19
2012,일본,JPN,91.0265277326652,SP.URB.TOTL.IN.ZS,https://api.worldbank.org/v2/country/KOR;JPN;GBR/indicator/SP.URB.TOTL.IN.ZS?format=json&per_page=300&date=1960:2024,2026-08-19
2013,일본,JPN,91.1516595654317,SP.URB.TOTL.IN.ZS,https://api.worldbank.org/v2/country/KOR;JPN;GBR/indicator/SP.URB.TOTL.IN.ZS?format=json&per_page=300&date=1960:2024,2026-08-19
2014,일본,JPN,91.2548945132333,SP.URB.TOTL.IN.ZS,https://api.worldbank.org/v2/country/KOR;JPN;GBR/indicator/SP.URB.TOTL.IN.ZS?format=json&per_page=300&date=1960:2024,2026-08-19
2015,일본,JPN,91.3532644103625,SP.URB.TOTL.IN.ZS,https://api.worldbank.org/v2/country/KOR;JPN;GBR/indicator/SP.URB.TOTL.IN.ZS?format=json&per_page=300&date=1960:2024,2026-08-19
2016,일본,JPN,91.4541254852142,SP.URB.TOTL.IN.ZS,https://api.worldbank.org/v2/country/KOR;JPN;GBR/indicator/SP.URB.TOTL.IN.ZS?format=json&per_page=300&date=1960:2024,2026-08-19
2017,일본,JPN,91.5498419685883,SP.URB.TOTL.IN.ZS,https://api.worldbank.org/v2/country/KOR;JPN;GBR/indicator/SP.URB.TOTL.IN.ZS?format=json&per_page=300&date=1960:2024,2026-08-19
2018,일본,JPN,91.6377318609728,SP.URB.TOTL.IN.ZS,https://api.worldbank.org/v2/country/KOR;JPN;GBR/indicator/SP.URB.TOTL.IN.ZS?format=json&per_page=300&date=1960:2024,2026-08-19
2019,일본,JPN,91.7164207898107,SP.URB.TOTL.IN.ZS,https://api.worldbank.org/v2/country/KOR;JPN;GBR/indicator/SP.URB.TOTL.IN.ZS?format=json&per_page=300&date=1960:2024,2026-08-19
2020,일본,JPN,91.7809926267889,SP.URB.TOTL.IN.ZS,https://api.worldbank.org/v2/country/KOR;JPN;GBR/indicator/SP.URB.TOTL.IN.ZS?format=json&per_page=300&date=1960:2024,2026-08-19
2021,일본,JPN,91.8741049279527,SP.URB.TOTL.IN.ZS,https://api.worldbank.org/v2/country/KOR;JPN;GBR/indicator/SP.URB.TOTL.IN.ZS?format=json&per_page=300&date=1960:2024,2026-08-19
2022,일본,JPN,91.9776532428406,SP.URB.TOTL.IN.ZS,https://api.worldbank.org/v2/country/KOR;JPN;GBR/indicator/SP.URB.TOTL.IN.ZS?format=json&per_page=300&date=1960:2024,2026-08-19
2023,일본,JPN,92.0826903891473,SP.URB.TOTL.IN.ZS,https://api.worldbank.org/v2/country/KOR;JPN;GBR/indicator/SP.URB.TOTL.IN.ZS?format=json&per_page=300&date=1960:2024,2026-08-19
2024,일본,JPN,92.1901718034531,SP.URB.TOTL.IN.ZS,https://api.worldbank.org/v2/country/KOR;JPN;GBR/indicator/SP.URB.TOTL.IN.ZS?format=json&per_page=300&date=1960:2024,2026-08-19
1960,영국,GBR,78.5503107965497,SP.URB.TOTL.IN.ZS,https://api.worldbank.org/v2/country/KOR;JPN;GBR/indicator/SP.URB.TOTL.IN.ZS?format=json&per_page=300&date=1960:2024,2026-08-19
1961,영국,GBR,78.3663913939232,SP.URB.TOTL.IN.ZS,https://api.worldbank.org/v2/country/KOR;JPN;GBR/indicator/SP.URB.TOTL.IN.ZS?format=json&per_page=300&date=1960:2024,2026-08-19
1962,영국,GBR,78.1875107335425,SP.URB.TOTL.IN.ZS,https://api.worldbank.org/v2/country/KOR;JPN;GBR/indicator/SP.URB.TOTL.IN.ZS?format=json&per_page=300&date=1960:2024,2026-08-19
1963,영국,GBR,77.9930058788831,SP.URB.TOTL.IN.ZS,https://api.worldbank.org/v2/country/KOR;JPN;GBR/indicator/SP.URB.TOTL.IN.ZS?format=json&per_page=300&date=1960:2024,2026-08-19
1964,영국,GBR,77.792841598491,SP.URB.TOTL.IN.ZS,https://api.worldbank.org/v2/country/KOR;JPN;GBR/indicator/SP.URB.TOTL.IN.ZS?format=json&per_page=300&date=1960:2024,2026-08-19
1965,영국,GBR,77.5949669582873,SP.URB.TOTL.IN.ZS,https://api.worldbank.org/v2/country/KOR;JPN;GBR/indicator/SP.URB.TOTL.IN.ZS?format=json&per_page=300&date=1960:2024,2026-08-19
1966,영국,GBR,77.407331024193,SP.URB.TOTL.IN.ZS,https://api.worldbank.org/v2/country/KOR;JPN;GBR/indicator/SP.URB.TOTL.IN.ZS?format=json&per_page=300&date=1960:2024,2026-08-19
1967,영국,GBR,77.2378828621291,SP.URB.TOTL.IN.ZS,https://api.worldbank.org/v2/country/KOR;JPN;GBR/indicator/SP.URB.TOTL.IN.ZS?format=json&per_page=300&date=1960:2024,2026-08-19
1968,영국,GBR,77.0945715380164,SP.URB.TOTL.IN.ZS,https://api.worldbank.org/v2/country/KOR;JPN;GBR/indicator/SP.URB.TOTL.IN.ZS?format=json&per_page=300&date=1960:2024,2026-08-19
1969,영국,GBR,76.9853461177761,SP.URB.TOTL.IN.ZS,https://api.worldbank.org/v2/country/KOR;JPN;GBR/indicator/SP.URB.TOTL.IN.ZS?format=json&per_page=300&date=1960:2024,2026-08-19
1970,영국,GBR,76.9181556673291,SP.URB.TOTL.IN.ZS,https://api.worldbank.org/v2/country/KOR;JPN;GBR/indicator/SP.URB.TOTL.IN.ZS?format=json&per_page=300&date=1960:2024,2026-08-19
1971,영국,GBR,76.9023108087531,SP.URB.TOTL.IN.ZS,https://api.worldbank.org/v2/country/KOR;JPN;GBR/indicator/SP.URB.TOTL.IN.ZS?format=json&per_page=300&date=1960:2024,2026-08-19
1972,영국,GBR,76.9664092010843,SP.URB.TOTL.IN.ZS,https://api.worldbank.org/v2/country/KOR;JPN;GBR/indicator/SP.URB.TOTL.IN.ZS?format=json&per_page=300&date=1960:2024,2026-08-19
1973,영국,GBR,77.1097588679539,SP.URB.TOTL.IN.ZS,https://api.worldbank.org/v2/country/KOR;JPN;GBR/indicator/SP.URB.TOTL.IN.ZS?format=json&per_page=300&date=1960:2024,2026-08-19
1974,영국,GBR,77.3109917306611,SP.URB.TOTL.IN.ZS,https://api.worldbank.org/v2/country/KOR;JPN;GBR/indicator/SP.URB.TOTL.IN.ZS?format=json&per_page=300&date=1960:2024,2026-08-19
1975,영국,GBR,77.5493534649081,SP.URB.TOTL.IN.ZS,https://api.worldbank.org/v2/country/KOR;JPN;GBR/indicator/SP.URB.TOTL.IN.ZS?format=json&per_page=300&date=1960:2024,2026-08-19
1976,영국,GBR,77.8040897463968,SP.URB.TOTL.IN.ZS,https://api.worldbank.org/v2/country/KOR;JPN;GBR/indicator/SP.URB.TOTL.IN.ZS?format=json&per_page=300&date=1960:2024,2026-08-19
1977,영국,GBR,78.0544462508291,SP.URB.TOTL.IN.ZS,https://api.worldbank.org/v2/country/KOR;JPN;GBR/indicator/SP.URB.TOTL.IN.ZS?format=json&per_page=300&date=1960:2024,2026-08-19
1978,영국,GBR,78.279668653907,SP.URB.TOTL.IN.ZS,https://api.worldbank.org/v2/country/KOR;JPN;GBR/indicator/SP.URB.TOTL.IN.ZS?format=json&per_page=300&date=1960:2024,2026-08-19
1979,영국,GBR,78.4590026313326,SP.URB.TOTL.IN.ZS,https://api.worldbank.org/v2/country/KOR;JPN;GBR/indicator/SP.URB.TOTL.IN.ZS?format=json&per_page=300&date=1960:2024,2026-08-19
1980,영국,GBR,78.5716938588077,SP.URB.TOTL.IN.ZS,https://api.worldbank.org/v2/country/KOR;JPN;GBR/indicator/SP.URB.TOTL.IN.ZS?format=json&per_page=300&date=1960:2024,2026-08-19
1981,영국,GBR,78.5988698930662,SP.URB.TOTL.IN.ZS,https://api.worldbank.org/v2/country/KOR;JPN;GBR/indicator/SP.URB.TOTL.IN.ZS?format=json&per_page=300&date=1960:2024,2026-08-19
1982,영국,GBR,78.5790435793683,SP.URB.TOTL.IN.ZS,https://api.worldbank.org/v2/country/KOR;JPN;GBR/indicator/SP.URB.TOTL.IN.ZS?format=json&per_page=300&date=1960:2024,2026-08-19
1983,영국,GBR,78.5365448356556,SP.URB.TOTL.IN.ZS,https://api.worldbank.org/v2/country/KOR;JPN;GBR/indicator/SP.URB.TOTL.IN.ZS?format=json&per_page=300&date=1960:2024,2026-08-19
1984,영국,GBR,78.4775775496664,SP.URB.TOTL.IN.ZS,https://api.worldbank.org/v2/country/KOR;JPN;GBR/indicator/SP.URB.TOTL.IN.ZS?format=json&per_page=300&date=1960:2024,2026-08-19
1985,영국,GBR,78.4080567918043,SP.URB.TOTL.IN.ZS,https://api.worldbank.org/v2/country/KOR;JPN;GBR/indicator/SP.URB.TOTL.IN.ZS?format=json&per_page=300&date=1960:2024,2026-08-19
1986,영국,GBR,78.3338976324727,SP.URB.TOTL.IN.ZS,https://api.worldbank.org/v2/country/KOR;JPN;GBR/indicator/SP.URB.TOTL.IN.ZS?format=json&per_page=300&date=1960:2024,2026-08-19
1987,영국,GBR,78.2610151420751,SP.URB.TOTL.IN.ZS,https://api.worldbank.org/v2/country/KOR;JPN;GBR/indicator/SP.URB.TOTL.IN.ZS?format=json&per_page=300&date=1960:2024,2026-08-19
1988,영국,GBR,78.1953243910149,SP.URB.TOTL.IN.ZS,https://api.worldbank.org/v2/country/KOR;JPN;GBR/indicator/SP.URB.TOTL.IN.ZS?format=json&per_page=300&date=1960:2024,2026-08-19
1989,영국,GBR,78.1427404496957,SP.URB.TOTL.IN.ZS,https://api.worldbank.org/v2/country/KOR;JPN;GBR/indicator/SP.URB.TOTL.IN.ZS?format=json&per_page=300&date=1960:2024,2026-08-19
1990,영국,GBR,78.1091783885209,SP.URB.TOTL.IN.ZS,https://api.worldbank.org/v2/country/KOR;JPN;GBR/indicator/SP.URB.TOTL.IN.ZS?format=json&per_page=300&date=1960:2024,2026-08-19
1991,영국,GBR,78.1020654236402,SP.URB.TOTL.IN.ZS,https://api.worldbank.org/v2/country/KOR;JPN;GBR/indicator/SP.URB.TOTL.IN.ZS?format=json&per_page=300&date=1960:2024,2026-08-19
1992,영국,GBR,78.1549335902337,SP.URB.TOTL.IN.ZS,https://api.worldbank.org/v2/country/KOR;JPN;GBR/indicator/SP.URB.TOTL.IN.ZS?format=json&per_page=300&date=1960:2024,2026-08-19
1993,영국,GBR,78.2748023147801,SP.URB.TOTL.IN.ZS,https://api.worldbank.org/v2/country/KOR;JPN;GBR/indicator/SP.URB.TOTL.IN.ZS?format=json&per_page=300&date=1960:2024,2026-08-19
1994,영국,GBR,78.4474219748331,SP.URB.TOTL.IN.ZS,https://api.worldbank.org/v2/country/KOR;JPN;GBR/indicator/SP.URB.TOTL.IN.ZS?format=json&per_page=300&date=1960:2024,2026-08-19
1995,영국,GBR,78.6591002712985,SP.URB.TOTL.IN.ZS,https://api.worldbank.org/v2/country/KOR;JPN;GBR/indicator/SP.URB.TOTL.IN.ZS?format=json&per_page=300&date=1960:2024,2026-08-19
1996,영국,GBR,78.8961449050823,SP.URB.TOTL.IN.ZS,https://api.worldbank.org/v2/country/KOR;JPN;GBR/indicator/SP.URB.TOTL.IN.ZS?format=json&per_page=300&date=1960:2024,2026-08-19
1997,영국,GBR,79.1448635770901,SP.URB.TOTL.IN.ZS,https://api.worldbank.org/v2/country/KOR;JPN;GBR/indicator/SP.URB.TOTL.IN.ZS?format=json&per_page=300&date=1960:2024,2026-08-19
1998,영국,GBR,79.391563988228,SP.URB.TOTL.IN.ZS,https://api.worldbank.org/v2/country/KOR;JPN;GBR/indicator/SP.URB.TOTL.IN.ZS?format=json&per_page=300&date=1960:2024,2026-08-19
1999,영국,GBR,79.6225538394017,SP.URB.TOTL.IN.ZS,https://api.worldbank.org/v2/country/KOR;JPN;GBR/indicator/SP.URB.TOTL.IN.ZS?format=json&per_page=300&date=1960:2024,2026-08-19
2000,영국,GBR,79.8241408315172,SP.URB.TOTL.IN.ZS,https://api.worldbank.org/v2/country/KOR;JPN;GBR/indicator/SP.URB.TOTL.IN.ZS?format=json&per_page=300&date=1960:2024,2026-08-19
2001,영국,GBR,79.9838301298823,SP.URB.TOTL.IN.ZS,https://api.worldbank.org/v2/country/KOR;JPN;GBR/indicator/SP.URB.TOTL.IN.ZS?format=json&per_page=300&date=1960:2024,2026-08-19
2002,영국,GBR,80.1146062677742,SP.URB.TOTL.IN.ZS,https://api.worldbank.org/v2/country/KOR;JPN;GBR/indicator/SP.URB.TOTL.IN.ZS?format=json&per_page=300&date=1960:2024,2026-08-19
2003,영국,GBR,80.2331593332802,SP.URB.TOTL.IN.ZS,https://api.worldbank.org/v2/country/KOR;JPN;GBR/indicator/SP.URB.TOTL.IN.ZS?format=json&per_page=300&date=1960:2024,2026-08-19
2004,영국,GBR,80.3423284929998,SP.URB.TOTL.IN.ZS,https://api.worldbank.org/v2/country/KOR;JPN;GBR/indicator/SP.URB.TOTL.IN.ZS?format=json&per_page=300&date=1960:2024,2026-08-19
2005,영국,GBR,80.4455938127627,SP.URB.TOTL.IN.ZS,https://api.worldbank.org/v2/country/KOR;JPN;GBR/indicator/SP.URB.TOTL.IN.ZS?format=json&per_page=300&date=1960:2024,2026-08-19
2006,영국,GBR,80.5464353583991,SP.URB.TOTL.IN.ZS,https://api.worldbank.org/v2/country/KOR;JPN;GBR/indicator/SP.URB.TOTL.IN.ZS?format=json&per_page=300&date=1960:2024,2026-08-19
2007,영국,GBR,80.6483331957387,SP.URB.TOTL.IN.ZS,https://api.worldbank.org/v2/country/KOR;JPN;GBR/indicator/SP.URB.TOTL.IN.ZS?format=json&per_page=300&date=1960:2024,2026-08-19
2008,영국,GBR,80.7547673906116,SP.URB.TOTL.IN.ZS,https://api.worldbank.org/v2/country/KOR;JPN;GBR/indicator/SP.URB.TOTL.IN.ZS?format=json&per_page=300&date=1960:2024,2026-08-19
2009,영국,GBR,80.8692180088478,SP.URB.TOTL.IN.ZS,https://api.worldbank.org/v2/country/KOR;JPN;GBR/indicator/SP.URB.TOTL.IN.ZS?format=json&per_page=300&date=1960:2024,2026-08-19
2010,영국,GBR,80.995165116277,SP.URB.TOTL.IN.ZS,https://api.worldbank.org/v2/country/KOR;JPN;GBR/indicator/SP.URB.TOTL.IN.ZS?format=json&per_page=300&date=1960:2024,2026-08-19
2011,영국,GBR,81.1359685592627,SP.URB.TOTL.IN.ZS,https://api.worldbank.org/v2/country/KOR;JPN;GBR/indicator/SP.URB.TOTL.IN.ZS?format=json&per_page=300&date=1960:2024,2026-08-19
2012,영국,GBR,81.2905667759508,SP.URB.TOTL.IN.ZS,https://api.worldbank.org/v2/country/KOR;JPN;GBR/indicator/SP.URB.TOTL.IN.ZS?format=json&per_page=300&date=1960:2024,2026-08-19
2013,영국,GBR,81.4573768694887,SP.URB.TOTL.IN.ZS,https://api.worldbank.org/v2/country/KOR;JPN;GBR/indicator/SP.URB.TOTL.IN.ZS?format=json&per_page=300&date=1960:2024,2026-08-19
2014,영국,GBR,81.6355750750722,SP.URB.TOTL.IN.ZS,https://api.worldbank.org/v2/country/KOR;JPN;GBR/indicator/SP.URB.TOTL.IN.ZS?format=json&per_page=300&date=1960:2024,2026-08-19
2015,영국,GBR,81.8243772295647,SP.URB.TOTL.IN.ZS,https://api.worldbank.org/v2/country/KOR;JPN;GBR/indicator/SP.URB.TOTL.IN.ZS?format=json&per_page=300&date=1960:2024,2026-08-19
2016,영국,GBR,82.0229991698295,SP.URB.TOTL.IN.ZS,https://api.worldbank.org/v2/country/KOR;JPN;GBR/indicator/SP.URB.TOTL.IN.ZS?format=json&per_page=300&date=1960:2024,2026-08-19
2017,영국,GBR,82.23065673273,SP.URB.TOTL.IN.ZS,https://api.worldbank.org/v2/country/KOR;JPN;GBR/indicator/SP.URB.TOTL.IN.ZS?format=json&per_page=300&date=1960:2024,2026-08-19
2018,영국,GBR,82.4465657551295,SP.URB.TOTL.IN.ZS,https://api.worldbank.org/v2/country/KOR;JPN;GBR/indicator/SP.URB.TOTL.IN.ZS?format=json&per_page=300&date=1960:2024,2026-08-19
2019,영국,GBR,82.6699420738913,SP.URB.TOTL.IN.ZS,https://api.worldbank.org/v2/country/KOR;JPN;GBR/indicator/SP.URB.TOTL.IN.ZS?format=json&per_page=300&date=1960:2024,2026-08-19
2020,영국,GBR,82.9000015258789,SP.URB.TOTL.IN.ZS,https://api.worldbank.org/v2/country/KOR;JPN;GBR/indicator/SP.URB.TOTL.IN.ZS?format=json&per_page=300&date=1960:2024,2026-08-19
2021,영국,GBR,82.9886431523641,SP.URB.TOTL.IN.ZS,https://api.worldbank.org/v2/country/KOR;JPN;GBR/indicator/SP.URB.TOTL.IN.ZS?format=json&per_page=300&date=1960:2024,2026-08-19
2022,영국,GBR,83.0753982997505,SP.URB.TOTL.IN.ZS,https://api.worldbank.org/v2/country/KOR;JPN;GBR/indicator/SP.URB.TOTL.IN.ZS?format=json&per_page=300&date=1960:2024,2026-08-19
2023,영국,GBR,83.1601932891335,SP.URB.TOTL.IN.ZS,https://api.worldbank.org/v2/country/KOR;JPN;GBR/indicator/SP.URB.TOTL.IN.ZS?format=json&per_page=300&date=1960:2024,2026-08-19
2024,영국,GBR,83.2429544416085,SP.URB.TOTL.IN.ZS,https://api.worldbank.org/v2/country/KOR;JPN;GBR/indicator/SP.URB.TOTL.IN.ZS?format=json&per_page=300&date=1960:2024,2026-08-19
