연도,국가,국가코드,합계출산율_명,지표코드,source_url,retrieved
1960,한국,KOR,5.994,SP.DYN.TFRT.IN,https://api.worldbank.org/v2/country/KOR;JPN;GBR/indicator/SP.DYN.TFRT.IN?format=json&per_page=300&date=1960:2024,2026-08-19
1961,한국,KOR,5.803,SP.DYN.TFRT.IN,https://api.worldbank.org/v2/country/KOR;JPN;GBR/indicator/SP.DYN.TFRT.IN?format=json&per_page=300&date=1960:2024,2026-08-19
1962,한국,KOR,5.562,SP.DYN.TFRT.IN,https://api.worldbank.org/v2/country/KOR;JPN;GBR/indicator/SP.DYN.TFRT.IN?format=json&per_page=300&date=1960:2024,2026-08-19
1963,한국,KOR,5.334,SP.DYN.TFRT.IN,https://api.worldbank.org/v2/country/KOR;JPN;GBR/indicator/SP.DYN.TFRT.IN?format=json&per_page=300&date=1960:2024,2026-08-19
1964,한국,KOR,5.068,SP.DYN.TFRT.IN,https://api.worldbank.org/v2/country/KOR;JPN;GBR/indicator/SP.DYN.TFRT.IN?format=json&per_page=300&date=1960:2024,2026-08-19
1965,한국,KOR,4.887,SP.DYN.TFRT.IN,https://api.worldbank.org/v2/country/KOR;JPN;GBR/indicator/SP.DYN.TFRT.IN?format=json&per_page=300&date=1960:2024,2026-08-19
1966,한국,KOR,4.782,SP.DYN.TFRT.IN,https://api.worldbank.org/v2/country/KOR;JPN;GBR/indicator/SP.DYN.TFRT.IN?format=json&per_page=300&date=1960:2024,2026-08-19
1967,한국,KOR,4.615,SP.DYN.TFRT.IN,https://api.worldbank.org/v2/country/KOR;JPN;GBR/indicator/SP.DYN.TFRT.IN?format=json&per_page=300&date=1960:2024,2026-08-19
1968,한국,KOR,4.51,SP.DYN.TFRT.IN,https://api.worldbank.org/v2/country/KOR;JPN;GBR/indicator/SP.DYN.TFRT.IN?format=json&per_page=300&date=1960:2024,2026-08-19
1969,한국,KOR,4.447,SP.DYN.TFRT.IN,https://api.worldbank.org/v2/country/KOR;JPN;GBR/indicator/SP.DYN.TFRT.IN?format=json&per_page=300&date=1960:2024,2026-08-19
1970,한국,KOR,4.53,SP.DYN.TFRT.IN,https://api.worldbank.org/v2/country/KOR;JPN;GBR/indicator/SP.DYN.TFRT.IN?format=json&per_page=300&date=1960:2024,2026-08-19
1971,한국,KOR,4.54,SP.DYN.TFRT.IN,https://api.worldbank.org/v2/country/KOR;JPN;GBR/indicator/SP.DYN.TFRT.IN?format=json&per_page=300&date=1960:2024,2026-08-19
1972,한국,KOR,4.12,SP.DYN.TFRT.IN,https://api.worldbank.org/v2/country/KOR;JPN;GBR/indicator/SP.DYN.TFRT.IN?format=json&per_page=300&date=1960:2024,2026-08-19
1973,한국,KOR,4.07,SP.DYN.TFRT.IN,https://api.worldbank.org/v2/country/KOR;JPN;GBR/indicator/SP.DYN.TFRT.IN?format=json&per_page=300&date=1960:2024,2026-08-19
1974,한국,KOR,3.77,SP.DYN.TFRT.IN,https://api.worldbank.org/v2/country/KOR;JPN;GBR/indicator/SP.DYN.TFRT.IN?format=json&per_page=300&date=1960:2024,2026-08-19
1975,한국,KOR,3.43,SP.DYN.TFRT.IN,https://api.worldbank.org/v2/country/KOR;JPN;GBR/indicator/SP.DYN.TFRT.IN?format=json&per_page=300&date=1960:2024,2026-08-19
1976,한국,KOR,3,SP.DYN.TFRT.IN,https://api.worldbank.org/v2/country/KOR;JPN;GBR/indicator/SP.DYN.TFRT.IN?format=json&per_page=300&date=1960:2024,2026-08-19
1977,한국,KOR,2.99,SP.DYN.TFRT.IN,https://api.worldbank.org/v2/country/KOR;JPN;GBR/indicator/SP.DYN.TFRT.IN?format=json&per_page=300&date=1960:2024,2026-08-19
1978,한국,KOR,2.64,SP.DYN.TFRT.IN,https://api.worldbank.org/v2/country/KOR;JPN;GBR/indicator/SP.DYN.TFRT.IN?format=json&per_page=300&date=1960:2024,2026-08-19
1979,한국,KOR,2.9,SP.DYN.TFRT.IN,https://api.worldbank.org/v2/country/KOR;JPN;GBR/indicator/SP.DYN.TFRT.IN?format=json&per_page=300&date=1960:2024,2026-08-19
1980,한국,KOR,2.82,SP.DYN.TFRT.IN,https://api.worldbank.org/v2/country/KOR;JPN;GBR/indicator/SP.DYN.TFRT.IN?format=json&per_page=300&date=1960:2024,2026-08-19
1981,한국,KOR,2.57,SP.DYN.TFRT.IN,https://api.worldbank.org/v2/country/KOR;JPN;GBR/indicator/SP.DYN.TFRT.IN?format=json&per_page=300&date=1960:2024,2026-08-19
1982,한국,KOR,2.39,SP.DYN.TFRT.IN,https://api.worldbank.org/v2/country/KOR;JPN;GBR/indicator/SP.DYN.TFRT.IN?format=json&per_page=300&date=1960:2024,2026-08-19
1983,한국,KOR,2.06,SP.DYN.TFRT.IN,https://api.worldbank.org/v2/country/KOR;JPN;GBR/indicator/SP.DYN.TFRT.IN?format=json&per_page=300&date=1960:2024,2026-08-19
1984,한국,KOR,1.74,SP.DYN.TFRT.IN,https://api.worldbank.org/v2/country/KOR;JPN;GBR/indicator/SP.DYN.TFRT.IN?format=json&per_page=300&date=1960:2024,2026-08-19
1985,한국,KOR,1.66,SP.DYN.TFRT.IN,https://api.worldbank.org/v2/country/KOR;JPN;GBR/indicator/SP.DYN.TFRT.IN?format=json&per_page=300&date=1960:2024,2026-08-19
1986,한국,KOR,1.58,SP.DYN.TFRT.IN,https://api.worldbank.org/v2/country/KOR;JPN;GBR/indicator/SP.DYN.TFRT.IN?format=json&per_page=300&date=1960:2024,2026-08-19
1987,한국,KOR,1.53,SP.DYN.TFRT.IN,https://api.worldbank.org/v2/country/KOR;JPN;GBR/indicator/SP.DYN.TFRT.IN?format=json&per_page=300&date=1960:2024,2026-08-19
1988,한국,KOR,1.55,SP.DYN.TFRT.IN,https://api.worldbank.org/v2/country/KOR;JPN;GBR/indicator/SP.DYN.TFRT.IN?format=json&per_page=300&date=1960:2024,2026-08-19
1989,한국,KOR,1.56,SP.DYN.TFRT.IN,https://api.worldbank.org/v2/country/KOR;JPN;GBR/indicator/SP.DYN.TFRT.IN?format=json&per_page=300&date=1960:2024,2026-08-19
1990,한국,KOR,1.57,SP.DYN.TFRT.IN,https://api.worldbank.org/v2/country/KOR;JPN;GBR/indicator/SP.DYN.TFRT.IN?format=json&per_page=300&date=1960:2024,2026-08-19
1991,한국,KOR,1.71,SP.DYN.TFRT.IN,https://api.worldbank.org/v2/country/KOR;JPN;GBR/indicator/SP.DYN.TFRT.IN?format=json&per_page=300&date=1960:2024,2026-08-19
1992,한국,KOR,1.76,SP.DYN.TFRT.IN,https://api.worldbank.org/v2/country/KOR;JPN;GBR/indicator/SP.DYN.TFRT.IN?format=json&per_page=300&date=1960:2024,2026-08-19
1993,한국,KOR,1.654,SP.DYN.TFRT.IN,https://api.worldbank.org/v2/country/KOR;JPN;GBR/indicator/SP.DYN.TFRT.IN?format=json&per_page=300&date=1960:2024,2026-08-19
1994,한국,KOR,1.656,SP.DYN.TFRT.IN,https://api.worldbank.org/v2/country/KOR;JPN;GBR/indicator/SP.DYN.TFRT.IN?format=json&per_page=300&date=1960:2024,2026-08-19
1995,한국,KOR,1.634,SP.DYN.TFRT.IN,https://api.worldbank.org/v2/country/KOR;JPN;GBR/indicator/SP.DYN.TFRT.IN?format=json&per_page=300&date=1960:2024,2026-08-19
1996,한국,KOR,1.574,SP.DYN.TFRT.IN,https://api.worldbank.org/v2/country/KOR;JPN;GBR/indicator/SP.DYN.TFRT.IN?format=json&per_page=300&date=1960:2024,2026-08-19
1997,한국,KOR,1.537,SP.DYN.TFRT.IN,https://api.worldbank.org/v2/country/KOR;JPN;GBR/indicator/SP.DYN.TFRT.IN?format=json&per_page=300&date=1960:2024,2026-08-19
1998,한국,KOR,1.464,SP.DYN.TFRT.IN,https://api.worldbank.org/v2/country/KOR;JPN;GBR/indicator/SP.DYN.TFRT.IN?format=json&per_page=300&date=1960:2024,2026-08-19
1999,한국,KOR,1.425,SP.DYN.TFRT.IN,https://api.worldbank.org/v2/country/KOR;JPN;GBR/indicator/SP.DYN.TFRT.IN?format=json&per_page=300&date=1960:2024,2026-08-19
2000,한국,KOR,1.48,SP.DYN.TFRT.IN,https://api.worldbank.org/v2/country/KOR;JPN;GBR/indicator/SP.DYN.TFRT.IN?format=json&per_page=300&date=1960:2024,2026-08-19
2001,한국,KOR,1.309,SP.DYN.TFRT.IN,https://api.worldbank.org/v2/country/KOR;JPN;GBR/indicator/SP.DYN.TFRT.IN?format=json&per_page=300&date=1960:2024,2026-08-19
2002,한국,KOR,1.178,SP.DYN.TFRT.IN,https://api.worldbank.org/v2/country/KOR;JPN;GBR/indicator/SP.DYN.TFRT.IN?format=json&per_page=300&date=1960:2024,2026-08-19
2003,한국,KOR,1.191,SP.DYN.TFRT.IN,https://api.worldbank.org/v2/country/KOR;JPN;GBR/indicator/SP.DYN.TFRT.IN?format=json&per_page=300&date=1960:2024,2026-08-19
2004,한국,KOR,1.164,SP.DYN.TFRT.IN,https://api.worldbank.org/v2/country/KOR;JPN;GBR/indicator/SP.DYN.TFRT.IN?format=json&per_page=300&date=1960:2024,2026-08-19
2005,한국,KOR,1.085,SP.DYN.TFRT.IN,https://api.worldbank.org/v2/country/KOR;JPN;GBR/indicator/SP.DYN.TFRT.IN?format=json&per_page=300&date=1960:2024,2026-08-19
2006,한국,KOR,1.132,SP.DYN.TFRT.IN,https://api.worldbank.org/v2/country/KOR;JPN;GBR/indicator/SP.DYN.TFRT.IN?format=json&per_page=300&date=1960:2024,2026-08-19
2007,한국,KOR,1.259,SP.DYN.TFRT.IN,https://api.worldbank.org/v2/country/KOR;JPN;GBR/indicator/SP.DYN.TFRT.IN?format=json&per_page=300&date=1960:2024,2026-08-19
2008,한국,KOR,1.192,SP.DYN.TFRT.IN,https://api.worldbank.org/v2/country/KOR;JPN;GBR/indicator/SP.DYN.TFRT.IN?format=json&per_page=300&date=1960:2024,2026-08-19
2009,한국,KOR,1.149,SP.DYN.TFRT.IN,https://api.worldbank.org/v2/country/KOR;JPN;GBR/indicator/SP.DYN.TFRT.IN?format=json&per_page=300&date=1960:2024,2026-08-19
2010,한국,KOR,1.226,SP.DYN.TFRT.IN,https://api.worldbank.org/v2/country/KOR;JPN;GBR/indicator/SP.DYN.TFRT.IN?format=json&per_page=300&date=1960:2024,2026-08-19
2011,한국,KOR,1.244,SP.DYN.TFRT.IN,https://api.worldbank.org/v2/country/KOR;JPN;GBR/indicator/SP.DYN.TFRT.IN?format=json&per_page=300&date=1960:2024,2026-08-19
2012,한국,KOR,1.297,SP.DYN.TFRT.IN,https://api.worldbank.org/v2/country/KOR;JPN;GBR/indicator/SP.DYN.TFRT.IN?format=json&per_page=300&date=1960:2024,2026-08-19
2013,한국,KOR,1.187,SP.DYN.TFRT.IN,https://api.worldbank.org/v2/country/KOR;JPN;GBR/indicator/SP.DYN.TFRT.IN?format=json&per_page=300&date=1960:2024,2026-08-19
2014,한국,KOR,1.205,SP.DYN.TFRT.IN,https://api.worldbank.org/v2/country/KOR;JPN;GBR/indicator/SP.DYN.TFRT.IN?format=json&per_page=300&date=1960:2024,2026-08-19
2015,한국,KOR,1.239,SP.DYN.TFRT.IN,https://api.worldbank.org/v2/country/KOR;JPN;GBR/indicator/SP.DYN.TFRT.IN?format=json&per_page=300&date=1960:2024,2026-08-19
2016,한국,KOR,1.172,SP.DYN.TFRT.IN,https://api.worldbank.org/v2/country/KOR;JPN;GBR/indicator/SP.DYN.TFRT.IN?format=json&per_page=300&date=1960:2024,2026-08-19
2017,한국,KOR,1.052,SP.DYN.TFRT.IN,https://api.worldbank.org/v2/country/KOR;JPN;GBR/indicator/SP.DYN.TFRT.IN?format=json&per_page=300&date=1960:2024,2026-08-19
2018,한국,KOR,0.977,SP.DYN.TFRT.IN,https://api.worldbank.org/v2/country/KOR;JPN;GBR/indicator/SP.DYN.TFRT.IN?format=json&per_page=300&date=1960:2024,2026-08-19
2019,한국,KOR,0.918,SP.DYN.TFRT.IN,https://api.worldbank.org/v2/country/KOR;JPN;GBR/indicator/SP.DYN.TFRT.IN?format=json&per_page=300&date=1960:2024,2026-08-19
2020,한국,KOR,0.837,SP.DYN.TFRT.IN,https://api.worldbank.org/v2/country/KOR;JPN;GBR/indicator/SP.DYN.TFRT.IN?format=json&per_page=300&date=1960:2024,2026-08-19
2021,한국,KOR,0.808,SP.DYN.TFRT.IN,https://api.worldbank.org/v2/country/KOR;JPN;GBR/indicator/SP.DYN.TFRT.IN?format=json&per_page=300&date=1960:2024,2026-08-19
2022,한국,KOR,0.778,SP.DYN.TFRT.IN,https://api.worldbank.org/v2/country/KOR;JPN;GBR/indicator/SP.DYN.TFRT.IN?format=json&per_page=300&date=1960:2024,2026-08-19
2023,한국,KOR,0.721,SP.DYN.TFRT.IN,https://api.worldbank.org/v2/country/KOR;JPN;GBR/indicator/SP.DYN.TFRT.IN?format=json&per_page=300&date=1960:2024,2026-08-19
2024,한국,KOR,0.748,SP.DYN.TFRT.IN,https://api.worldbank.org/v2/country/KOR;JPN;GBR/indicator/SP.DYN.TFRT.IN?format=json&per_page=300&date=1960:2024,2026-08-19
1960,일본,JPN,2,SP.DYN.TFRT.IN,https://api.worldbank.org/v2/country/KOR;JPN;GBR/indicator/SP.DYN.TFRT.IN?format=json&per_page=300&date=1960:2024,2026-08-19
1961,일본,JPN,1.96,SP.DYN.TFRT.IN,https://api.worldbank.org/v2/country/KOR;JPN;GBR/indicator/SP.DYN.TFRT.IN?format=json&per_page=300&date=1960:2024,2026-08-19
1962,일본,JPN,1.98,SP.DYN.TFRT.IN,https://api.worldbank.org/v2/country/KOR;JPN;GBR/indicator/SP.DYN.TFRT.IN?format=json&per_page=300&date=1960:2024,2026-08-19
1963,일본,JPN,2,SP.DYN.TFRT.IN,https://api.worldbank.org/v2/country/KOR;JPN;GBR/indicator/SP.DYN.TFRT.IN?format=json&per_page=300&date=1960:2024,2026-08-19
1964,일본,JPN,2.05,SP.DYN.TFRT.IN,https://api.worldbank.org/v2/country/KOR;JPN;GBR/indicator/SP.DYN.TFRT.IN?format=json&per_page=300&date=1960:2024,2026-08-19
1965,일본,JPN,2.14,SP.DYN.TFRT.IN,https://api.worldbank.org/v2/country/KOR;JPN;GBR/indicator/SP.DYN.TFRT.IN?format=json&per_page=300&date=1960:2024,2026-08-19
1966,일본,JPN,1.58,SP.DYN.TFRT.IN,https://api.worldbank.org/v2/country/KOR;JPN;GBR/indicator/SP.DYN.TFRT.IN?format=json&per_page=300&date=1960:2024,2026-08-19
1967,일본,JPN,2.23,SP.DYN.TFRT.IN,https://api.worldbank.org/v2/country/KOR;JPN;GBR/indicator/SP.DYN.TFRT.IN?format=json&per_page=300&date=1960:2024,2026-08-19
1968,일본,JPN,2.13,SP.DYN.TFRT.IN,https://api.worldbank.org/v2/country/KOR;JPN;GBR/indicator/SP.DYN.TFRT.IN?format=json&per_page=300&date=1960:2024,2026-08-19
1969,일본,JPN,2.13,SP.DYN.TFRT.IN,https://api.worldbank.org/v2/country/KOR;JPN;GBR/indicator/SP.DYN.TFRT.IN?format=json&per_page=300&date=1960:2024,2026-08-19
1970,일본,JPN,2.13,SP.DYN.TFRT.IN,https://api.worldbank.org/v2/country/KOR;JPN;GBR/indicator/SP.DYN.TFRT.IN?format=json&per_page=300&date=1960:2024,2026-08-19
1971,일본,JPN,2.16,SP.DYN.TFRT.IN,https://api.worldbank.org/v2/country/KOR;JPN;GBR/indicator/SP.DYN.TFRT.IN?format=json&per_page=300&date=1960:2024,2026-08-19
1972,일본,JPN,2.14,SP.DYN.TFRT.IN,https://api.worldbank.org/v2/country/KOR;JPN;GBR/indicator/SP.DYN.TFRT.IN?format=json&per_page=300&date=1960:2024,2026-08-19
1973,일본,JPN,2.14,SP.DYN.TFRT.IN,https://api.worldbank.org/v2/country/KOR;JPN;GBR/indicator/SP.DYN.TFRT.IN?format=json&per_page=300&date=1960:2024,2026-08-19
1974,일본,JPN,2.05,SP.DYN.TFRT.IN,https://api.worldbank.org/v2/country/KOR;JPN;GBR/indicator/SP.DYN.TFRT.IN?format=json&per_page=300&date=1960:2024,2026-08-19
1975,일본,JPN,1.91,SP.DYN.TFRT.IN,https://api.worldbank.org/v2/country/KOR;JPN;GBR/indicator/SP.DYN.TFRT.IN?format=json&per_page=300&date=1960:2024,2026-08-19
1976,일본,JPN,1.85,SP.DYN.TFRT.IN,https://api.worldbank.org/v2/country/KOR;JPN;GBR/indicator/SP.DYN.TFRT.IN?format=json&per_page=300&date=1960:2024,2026-08-19
1977,일본,JPN,1.8,SP.DYN.TFRT.IN,https://api.worldbank.org/v2/country/KOR;JPN;GBR/indicator/SP.DYN.TFRT.IN?format=json&per_page=300&date=1960:2024,2026-08-19
1978,일본,JPN,1.79,SP.DYN.TFRT.IN,https://api.worldbank.org/v2/country/KOR;JPN;GBR/indicator/SP.DYN.TFRT.IN?format=json&per_page=300&date=1960:2024,2026-08-19
1979,일본,JPN,1.77,SP.DYN.TFRT.IN,https://api.worldbank.org/v2/country/KOR;JPN;GBR/indicator/SP.DYN.TFRT.IN?format=json&per_page=300&date=1960:2024,2026-08-19
1980,일본,JPN,1.75,SP.DYN.TFRT.IN,https://api.worldbank.org/v2/country/KOR;JPN;GBR/indicator/SP.DYN.TFRT.IN?format=json&per_page=300&date=1960:2024,2026-08-19
1981,일본,JPN,1.74,SP.DYN.TFRT.IN,https://api.worldbank.org/v2/country/KOR;JPN;GBR/indicator/SP.DYN.TFRT.IN?format=json&per_page=300&date=1960:2024,2026-08-19
1982,일본,JPN,1.77,SP.DYN.TFRT.IN,https://api.worldbank.org/v2/country/KOR;JPN;GBR/indicator/SP.DYN.TFRT.IN?format=json&per_page=300&date=1960:2024,2026-08-19
1983,일본,JPN,1.8,SP.DYN.TFRT.IN,https://api.worldbank.org/v2/country/KOR;JPN;GBR/indicator/SP.DYN.TFRT.IN?format=json&per_page=300&date=1960:2024,2026-08-19
1984,일본,JPN,1.81,SP.DYN.TFRT.IN,https://api.worldbank.org/v2/country/KOR;JPN;GBR/indicator/SP.DYN.TFRT.IN?format=json&per_page=300&date=1960:2024,2026-08-19
1985,일본,JPN,1.76,SP.DYN.TFRT.IN,https://api.worldbank.org/v2/country/KOR;JPN;GBR/indicator/SP.DYN.TFRT.IN?format=json&per_page=300&date=1960:2024,2026-08-19
1986,일본,JPN,1.72,SP.DYN.TFRT.IN,https://api.worldbank.org/v2/country/KOR;JPN;GBR/indicator/SP.DYN.TFRT.IN?format=json&per_page=300&date=1960:2024,2026-08-19
1987,일본,JPN,1.69,SP.DYN.TFRT.IN,https://api.worldbank.org/v2/country/KOR;JPN;GBR/indicator/SP.DYN.TFRT.IN?format=json&per_page=300&date=1960:2024,2026-08-19
1988,일본,JPN,1.66,SP.DYN.TFRT.IN,https://api.worldbank.org/v2/country/KOR;JPN;GBR/indicator/SP.DYN.TFRT.IN?format=json&per_page=300&date=1960:2024,2026-08-19
1989,일본,JPN,1.57,SP.DYN.TFRT.IN,https://api.worldbank.org/v2/country/KOR;JPN;GBR/indicator/SP.DYN.TFRT.IN?format=json&per_page=300&date=1960:2024,2026-08-19
1990,일본,JPN,1.54,SP.DYN.TFRT.IN,https://api.worldbank.org/v2/country/KOR;JPN;GBR/indicator/SP.DYN.TFRT.IN?format=json&per_page=300&date=1960:2024,2026-08-19
1991,일본,JPN,1.53,SP.DYN.TFRT.IN,https://api.worldbank.org/v2/country/KOR;JPN;GBR/indicator/SP.DYN.TFRT.IN?format=json&per_page=300&date=1960:2024,2026-08-19
1992,일본,JPN,1.5,SP.DYN.TFRT.IN,https://api.worldbank.org/v2/country/KOR;JPN;GBR/indicator/SP.DYN.TFRT.IN?format=json&per_page=300&date=1960:2024,2026-08-19
1993,일본,JPN,1.46,SP.DYN.TFRT.IN,https://api.worldbank.org/v2/country/KOR;JPN;GBR/indicator/SP.DYN.TFRT.IN?format=json&per_page=300&date=1960:2024,2026-08-19
1994,일본,JPN,1.5,SP.DYN.TFRT.IN,https://api.worldbank.org/v2/country/KOR;JPN;GBR/indicator/SP.DYN.TFRT.IN?format=json&per_page=300&date=1960:2024,2026-08-19
1995,일본,JPN,1.42,SP.DYN.TFRT.IN,https://api.worldbank.org/v2/country/KOR;JPN;GBR/indicator/SP.DYN.TFRT.IN?format=json&per_page=300&date=1960:2024,2026-08-19
1996,일본,JPN,1.43,SP.DYN.TFRT.IN,https://api.worldbank.org/v2/country/KOR;JPN;GBR/indicator/SP.DYN.TFRT.IN?format=json&per_page=300&date=1960:2024,2026-08-19
1997,일본,JPN,1.39,SP.DYN.TFRT.IN,https://api.worldbank.org/v2/country/KOR;JPN;GBR/indicator/SP.DYN.TFRT.IN?format=json&per_page=300&date=1960:2024,2026-08-19
1998,일본,JPN,1.38,SP.DYN.TFRT.IN,https://api.worldbank.org/v2/country/KOR;JPN;GBR/indicator/SP.DYN.TFRT.IN?format=json&per_page=300&date=1960:2024,2026-08-19
1999,일본,JPN,1.34,SP.DYN.TFRT.IN,https://api.worldbank.org/v2/country/KOR;JPN;GBR/indicator/SP.DYN.TFRT.IN?format=json&per_page=300&date=1960:2024,2026-08-19
2000,일본,JPN,1.36,SP.DYN.TFRT.IN,https://api.worldbank.org/v2/country/KOR;JPN;GBR/indicator/SP.DYN.TFRT.IN?format=json&per_page=300&date=1960:2024,2026-08-19
2001,일본,JPN,1.33,SP.DYN.TFRT.IN,https://api.worldbank.org/v2/country/KOR;JPN;GBR/indicator/SP.DYN.TFRT.IN?format=json&per_page=300&date=1960:2024,2026-08-19
2002,일본,JPN,1.32,SP.DYN.TFRT.IN,https://api.worldbank.org/v2/country/KOR;JPN;GBR/indicator/SP.DYN.TFRT.IN?format=json&per_page=300&date=1960:2024,2026-08-19
2003,일본,JPN,1.29,SP.DYN.TFRT.IN,https://api.worldbank.org/v2/country/KOR;JPN;GBR/indicator/SP.DYN.TFRT.IN?format=json&per_page=300&date=1960:2024,2026-08-19
2004,일본,JPN,1.29,SP.DYN.TFRT.IN,https://api.worldbank.org/v2/country/KOR;JPN;GBR/indicator/SP.DYN.TFRT.IN?format=json&per_page=300&date=1960:2024,2026-08-19
2005,일본,JPN,1.26,SP.DYN.TFRT.IN,https://api.worldbank.org/v2/country/KOR;JPN;GBR/indicator/SP.DYN.TFRT.IN?format=json&per_page=300&date=1960:2024,2026-08-19
2006,일본,JPN,1.32,SP.DYN.TFRT.IN,https://api.worldbank.org/v2/country/KOR;JPN;GBR/indicator/SP.DYN.TFRT.IN?format=json&per_page=300&date=1960:2024,2026-08-19
2007,일본,JPN,1.34,SP.DYN.TFRT.IN,https://api.worldbank.org/v2/country/KOR;JPN;GBR/indicator/SP.DYN.TFRT.IN?format=json&per_page=300&date=1960:2024,2026-08-19
2008,일본,JPN,1.37,SP.DYN.TFRT.IN,https://api.worldbank.org/v2/country/KOR;JPN;GBR/indicator/SP.DYN.TFRT.IN?format=json&per_page=300&date=1960:2024,2026-08-19
2009,일본,JPN,1.37,SP.DYN.TFRT.IN,https://api.worldbank.org/v2/country/KOR;JPN;GBR/indicator/SP.DYN.TFRT.IN?format=json&per_page=300&date=1960:2024,2026-08-19
2010,일본,JPN,1.39,SP.DYN.TFRT.IN,https://api.worldbank.org/v2/country/KOR;JPN;GBR/indicator/SP.DYN.TFRT.IN?format=json&per_page=300&date=1960:2024,2026-08-19
2011,일본,JPN,1.39,SP.DYN.TFRT.IN,https://api.worldbank.org/v2/country/KOR;JPN;GBR/indicator/SP.DYN.TFRT.IN?format=json&per_page=300&date=1960:2024,2026-08-19
2012,일본,JPN,1.41,SP.DYN.TFRT.IN,https://api.worldbank.org/v2/country/KOR;JPN;GBR/indicator/SP.DYN.TFRT.IN?format=json&per_page=300&date=1960:2024,2026-08-19
2013,일본,JPN,1.43,SP.DYN.TFRT.IN,https://api.worldbank.org/v2/country/KOR;JPN;GBR/indicator/SP.DYN.TFRT.IN?format=json&per_page=300&date=1960:2024,2026-08-19
2014,일본,JPN,1.42,SP.DYN.TFRT.IN,https://api.worldbank.org/v2/country/KOR;JPN;GBR/indicator/SP.DYN.TFRT.IN?format=json&per_page=300&date=1960:2024,2026-08-19
2015,일본,JPN,1.45,SP.DYN.TFRT.IN,https://api.worldbank.org/v2/country/KOR;JPN;GBR/indicator/SP.DYN.TFRT.IN?format=json&per_page=300&date=1960:2024,2026-08-19
2016,일본,JPN,1.44,SP.DYN.TFRT.IN,https://api.worldbank.org/v2/country/KOR;JPN;GBR/indicator/SP.DYN.TFRT.IN?format=json&per_page=300&date=1960:2024,2026-08-19
2017,일본,JPN,1.43,SP.DYN.TFRT.IN,https://api.worldbank.org/v2/country/KOR;JPN;GBR/indicator/SP.DYN.TFRT.IN?format=json&per_page=300&date=1960:2024,2026-08-19
2018,일본,JPN,1.42,SP.DYN.TFRT.IN,https://api.worldbank.org/v2/country/KOR;JPN;GBR/indicator/SP.DYN.TFRT.IN?format=json&per_page=300&date=1960:2024,2026-08-19
2019,일본,JPN,1.36,SP.DYN.TFRT.IN,https://api.worldbank.org/v2/country/KOR;JPN;GBR/indicator/SP.DYN.TFRT.IN?format=json&per_page=300&date=1960:2024,2026-08-19
2020,일본,JPN,1.33,SP.DYN.TFRT.IN,https://api.worldbank.org/v2/country/KOR;JPN;GBR/indicator/SP.DYN.TFRT.IN?format=json&per_page=300&date=1960:2024,2026-08-19
2021,일본,JPN,1.3,SP.DYN.TFRT.IN,https://api.worldbank.org/v2/country/KOR;JPN;GBR/indicator/SP.DYN.TFRT.IN?format=json&per_page=300&date=1960:2024,2026-08-19
2022,일본,JPN,1.26,SP.DYN.TFRT.IN,https://api.worldbank.org/v2/country/KOR;JPN;GBR/indicator/SP.DYN.TFRT.IN?format=json&per_page=300&date=1960:2024,2026-08-19
2023,일본,JPN,1.2,SP.DYN.TFRT.IN,https://api.worldbank.org/v2/country/KOR;JPN;GBR/indicator/SP.DYN.TFRT.IN?format=json&per_page=300&date=1960:2024,2026-08-19
2024,일본,JPN,1.15,SP.DYN.TFRT.IN,https://api.worldbank.org/v2/country/KOR;JPN;GBR/indicator/SP.DYN.TFRT.IN?format=json&per_page=300&date=1960:2024,2026-08-19
